species,clonality
Acacia abbreviata,0
Acacia abrupta,0
Acacia acanthaster,0
Acacia acanthoclada,0
Acacia acellerata,0
Acacia acinacea,0
Acacia aciphylla,0
Acacia acoma,0
Acacia acradenia,0
Acacia acrionastes,0
Acacia acuaria,0
Acacia aculeatissima,0
Acacia aculeiformis,1
Acacia acuminata,0
Acacia acutata,0
Acacia adenogonia,0
Acacia adinophylla,0
Acacia adnata,0
Acacia adoxa,0
Acacia adsurgens,0
Acacia adunca,0
Acacia aemula,0
Acacia aestivalis,0
Acacia alata,0
Acacia albizioides,0
Acacia alcockii,1
Acacia alexandri,0
Acacia alleniana,0
Acacia alpina,0
Acacia amanda,0
Acacia amblygona,0
Acacia amblyophylla,0
Acacia amentifera,0
Acacia ammobia,0
Acacia ammophila,0
Acacia amoena,0
Acacia ampliata,0
Acacia ampliceps,0
Acacia amputata,0
Acacia amyctica,0
Acacia anarthros,0
Acacia anasilla,0
Acacia anastema,0
Acacia anaticeps,0
Acacia anceps,0
Acacia ancistrocarpa,0
Acacia ancistrophylla,0
Acacia andrewsii,0
Acacia aneura,0
Acacia anfractuosa,0
Acacia angusta,0
Acacia anomala,0
Acacia anthochaera,0
Acacia aphanoclada,0
Acacia aphylla,0
Acacia applanata,1
Acacia aprepta,0
Acacia aprica,0
Acacia arafurica,0
Acacia araneosa,0
Acacia arbiana,0
Acacia arcuatilis,0
Acacia argutifolia,0
Acacia argyraea,0
Acacia argyrodendron,0
Acacia argyrophylla,0
Acacia argyrotricha,0
Acacia arida,0
Acacia aristulata,0
Acacia armillata,0
Acacia armitii,0
Acacia arrecta,0
Acacia ascendens,0
Acacia asepala,0
Acacia ashbyae,0
Acacia asparagoides,0
Acacia aspera,0
Acacia asperulacea,0
Acacia assimilis,0
Acacia ataxiphylla,0
Acacia atkinsiana,0
Acacia atopa,0
Acacia attenuata,0
Acacia aulacocarpa,0
Acacia aulacophylla,0
Acacia auratiflora,0
Acacia aureocrinita,0
Acacia auricoma,0
Acacia auriculiformis,0
Acacia auripila,0
Acacia auronitens,0
Acacia ausfeldii,0
Acacia awestoniana,0
Acacia axillaris,0
Acacia ayersiana,0
Acacia baeuerlenii,0
Acacia baileyana,0
Acacia bakeri,0
Acacia balsamea,0
Acacia bancroftiorum,0
Acacia barattensis,0
Acacia barbinervis,0
Acacia barringtonensis,0
Acacia basedowii,0
Acacia baueri,1
Acacia baxteri,0
Acacia beauverdiana,0
Acacia beckleri,0
Acacia benthamii,0
Acacia betchei,0
Acacia bidentata,0
Acacia bidwillii,0
Acacia bifaria,0
Acacia biflora,0
Acacia binata,0
Acacia binervata,0
Acacia binervia,0
Acacia bivenosa,0
Acacia blakei,0
Acacia blakelyi,0
Acacia blaxellii,0
Acacia blayana,0
Acacia boormanii,0
Acacia botrydion,0
Acacia brachybotrya,0
Acacia brachycarpa,0
Acacia brachyclada,0
Acacia brachyphylla,0
Acacia brachypoda,0
Acacia brachystachya,0
Acacia bracteolata,0
Acacia brassii,0
Acacia brockii,0
Acacia browniana,0
Acacia brownii,0
Acacia brumalis,0
Acacia brunioides,0
Acacia bulgaensis,0
Acacia burbidgeae,0
Acacia burrowii,0
Acacia buxifolia,0
Acacia bynoeana,0
Acacia caerulescens,0
Acacia caesariata,0
Acacia caesiella,0
Acacia calamifolia,0
Acacia calantha,0
Acacia calcarata,0
Acacia calcicola,0
Acacia caleyi,0
Acacia calyculata,0
Acacia cambagei,0
Acacia camptoclada,0
Acacia campylophylla,0
Acacia cana,0
Acacia cangaiensis,0
Acacia capillaris,0
Acacia cardiophylla,0
Acacia carens,0
Acacia carneorum,0
Acacia carnosula,0
Acacia caroleae,0
Acacia cassicula,0
Acacia cataractae,0
Acacia catenulata,0
Acacia cavealis,0
Acacia cedroides,0
Acacia celastrifolia,0
Acacia cerastes,0
Acacia chalkeri,0
Acacia chamaeleon,0
Acacia chapmanii,0
Acacia chartacea,0
Acacia cheelii,0
Acacia chinchillensis,0
Acacia chippendalei,0
Acacia chisholmii,0
Acacia chrysella,0
Acacia chrysocephala,0
Acacia chrysochaeta,0
Acacia chrysopoda,0
Acacia chrysotricha,0
Acacia cincinnata,0
Acacia citrinoviridis,0
Acacia clandullensis,0
Acacia clelandii,0
Acacia clunies-rossiae,0
Acacia clydonophora,0
Acacia cochlearis,0
Acacia cochlocarpa,0
Acacia cognata,0
Acacia colei,0
Acacia colletioides,0
Acacia comans,0
Acacia complanata,0
Acacia concolorans,0
Acacia concurrens,0
Acacia conferta,0
Acacia confluens,0
Acacia congesta,0
Acacia conjunctifolia,0
Acacia conniana,0
Acacia consanguinea,0
Acacia consobrina,0
Acacia conspersa,0
Acacia constablei,0
Acacia continua,0
Acacia convallium,0
Acacia coolgardiensis,0
Acacia coriacea,0
Acacia costata,0
Acacia costiniana,0
Acacia courtii,0
Acacia covenyi,0
Acacia cowaniana,0
Acacia cowleana,0
Acacia cracentis,0
Acacia craspedocarpa,0
Acacia crassa,0
Acacia crassicarpa,0
Acacia crassistipula,0
Acacia crassiuscula,0
Acacia crassuloides,1
Acacia cremiflora,0
Acacia crenulata,0
Acacia cretacea,0
Acacia cretata,0
Acacia crispula,0
Acacia crombiei,0
Acacia cultriformis,0
Acacia cummingiana,0
Acacia cuneifolia,0
Acacia cupularis,0
Acacia curranii,0
Acacia curvata,0
Acacia curvinervia,0
Acacia cuspidifolia,0
Acacia cuthbertsonii,0
Acacia cyclops,0
Acacia cylindrica,0
Acacia cyperophylla,0
Acacia dacrydioides,0
Acacia dallachiana,0
Acacia dangarensis,0
Acacia daviesioides,0
Acacia daweana,0
Acacia dawsonii,0
Acacia dealbata,0
Acacia deanei,0
Acacia debilis,0
Acacia declinata,0
Acacia decora,0
Acacia decurrens,0
Acacia deficiens,0
Acacia deflexa,0
Acacia delibrata,0
Acacia delicatula,0
Acacia delphina,0
Acacia deltoidea,0
Acacia demissa,0
Acacia dempsteri,0
Acacia densiflora,0
Acacia denticulosa,0
Acacia dentifera,0
Acacia depressa,1
Acacia dermatophylla,0
Acacia desertorum,0
Acacia desmondii,0
Acacia deuteroneura,0
Acacia diaphana,0
Acacia diaphyllodinea,0
Acacia dictyoneura,0
Acacia dictyophleba,0
Acacia didyma,0
Acacia dielsii,0
Acacia dietrichiana,0
Acacia difficilis,0
Acacia difformis,0
Acacia dilatata,0
Acacia dimidiata,0
Acacia diminuta,0
Acacia dissona,0
Acacia distans,0
Acacia disticha,0
Acacia ditricha,0
Acacia divergens,0
Acacia dodonaeifolia,0
Acacia dolichophylla,0
Acacia donaldsonii,0
Acacia doratoxylon,0
Acacia dorothea,1
Acacia dorsenna,0
Acacia drepanocarpa,0
Acacia drepanophylla,0
Acacia drewiana,0
Acacia drummondii,0
Acacia dunnii,0
Acacia dura,0
Acacia durabilis,0
Acacia duriuscula,0
Acacia echinula,0
Acacia echinuliflora,0
Acacia effusa,0
Acacia elachantha,0
Acacia elata,0
Acacia elongata,0
Acacia empelioclada,0
Acacia enervia,0
Acacia ensifolia,0
Acacia enterocarpa,0
Acacia epacantha,0
Acacia epedunculata,0
Acacia ephedroides,0
Acacia eremaea,0
Acacia eremophila,0
Acacia eremophiloides,0
Acacia ericifolia,0
Acacia ericksoniae,0
Acacia erinacea,1
Acacia erioclada,0
Acacia eriopoda,0
Acacia errabunda,0
Acacia estrophiolata,0
Acacia euthyphylla,0
Acacia evenulosa,0
Acacia everistii,0
Acacia excelsa,0
Acacia excentrica,0
Acacia exilis,0
Acacia exocarpoides,0
Acacia extensa,0
Acacia fagonioides,0
Acacia falcata,0
Acacia falciformis,0
Acacia farinosa,0
Acacia fasciculifera,0
Acacia fauntleroyi,0
Acacia ferocior,0
Acacia filamentosa,0
Acacia filicifolia,0
Acacia filifolia,0
Acacia filipes,0
Acacia fimbriata,0
Acacia flabellifolia,0
Acacia flagelliformis,0
Acacia flavescens,0
Acacia flavipila,0
Acacia fleckeri,0
Acacia flexifolia,0
Acacia flocktoniae,0
Acacia floribunda,0
Acacia floydii,0
Acacia formidabilis,0
Acacia forrestiana,0
Acacia forsythii,0
Acacia fragilis,0
Acacia frigescens,0
Acacia froggattii,0
Acacia fulva,0
Acacia galeata,0
Acacia galioides,0
Acacia gardneri,0
Acacia gelasina,0
Acacia gemina,0
Acacia genistifolia,0
Acacia georgensis,0
Acacia georginae,0
Acacia gibbosa,0
Acacia gilbertii,0
Acacia gilesiana,0
Acacia gillii,0
Acacia gittinsii,0
Acacia gladiiformis,0
Acacia glandulicarpa,0
Acacia glaucissima,0
Acacia glaucocaesia,0
Acacia glaucocarpa,0
Acacia glaucoptera,0
Acacia gloeotricha,0
Acacia glutinosissima,0
Acacia gnidium,0
Acacia gonocarpa,0
Acacia gonoclada,0
Acacia gonophylla,0
Acacia gordonii,0
Acacia gracilenta,0
Acacia gracilifolia,0
Acacia gracillima,0
Acacia grandifolia,0
Acacia granitica,0
Acacia graniticola,0
Acacia grasbyi,0
Acacia gregorii,0
Acacia grisea,0
Acacia guinetii,0
Acacia gunnii,0
Acacia guymeri,0
Acacia hadrophylla,0
Acacia hakeoides,0
Acacia halliana,0
Acacia hamersleyensis,0
Acacia hamiltoniana,0
Acacia hammondii,0
Acacia handonis,0
Acacia harpophylla,1
Acacia harveyi,0
Acacia hastulata,0
Acacia havilandiorum,0
Acacia helicophylla,0
Acacia helmsiana,0
Acacia hemignosta,0
Acacia hemiteles,0
Acacia hemsleyi,0
Acacia heterochroa,0
Acacia heteroclita,0
Acacia heteroneura,0
Acacia hexaneura,0
Acacia hilliana,0
Acacia hippuroides,0
Acacia hispidula,0
Acacia hockingsii,0
Acacia holosericea,0
Acacia holotricha,0
Acacia homaloclada,0
Acacia horridula,0
Acacia howittii,0
Acacia hubbardiana,0
Acacia huegelii,0
Acacia humifusa,0
Acacia hyaloneura,0
Acacia hylonoma,0
Acacia hypermeces,0
Acacia hystrix,0
Acacia idiomorpha,0
Acacia imbricata,0
Acacia imitans,0
Acacia imparilis,0
Acacia implexa,1
Acacia improcera,0
Acacia inaequilatera,0
Acacia inaequiloba,0
Acacia inamabilis,0
Acacia incanicarpa,0
Acacia inceana,0
Acacia incongesta,0
Acacia incrassata,1
Acacia incurva,0
Acacia ingramii,0
Acacia ingrata,0
Acacia inophloia,0
Acacia inops,0
Acacia insolita,0
Acacia intorta,0
Acacia intricata,0
Acacia irrorata,0
Acacia islana,0
Acacia isoneura,0
Acacia iteaphylla,0
Acacia ixiophylla,0
Acacia ixodes,0
Acacia jackesiana,0
Acacia jacksonioides,0
Acacia jamesiana,0
Acacia jasperensis,0
Acacia jennerae,1
Acacia jensenii,0
Acacia jibberdingensis,0
Acacia johannis,0
Acacia johnsonii,0
Acacia jonesii,1
Acacia jucunda,0
Acacia julifera,0
Acacia juncifolia,0
Acacia kalgoorliensis,0
Acacia kelleri,0
Acacia kempeana,0
Acacia kenneallyi,0
Acacia kerryana,0
Acacia kettlewelliae,0
Acacia kimberleyensis,0
Acacia kingiana,0
Acacia kochii,0
Acacia kybeanensis,0
Acacia kydrensis,0
Acacia laccata,0
Acacia lacertensis,0
Acacia lachnophylla,0
Acacia lanceolata,0
Acacia lanei,0
Acacia lanigera,0
Acacia lanuginophylla,0
Acacia laricina,0
Acacia lasiocalyx,0
Acacia lasiocarpa,0
Acacia lateriticola,0
Acacia latescens,0
Acacia latifolia,0
Acacia latipes,0
Acacia latisepala,0
Acacia latzii,0
Acacia lazaridis,0
Acacia legnota,0
Acacia leichhardtii,0
Acacia leiocalyx,0
Acacia leioderma,0
Acacia leiophylla,0
Acacia lentiginea,0
Acacia leprosa,0
Acacia leptalea,0
Acacia leptocarpa,0
Acacia leptoclada,0
Acacia leptoloba,0
Acacia leptoneura,0
Acacia leptopetala,0
Acacia leptophleba,0
Acacia leptospermoides,0
Acacia leptostachya,0
Acacia leucoclada,0
Acacia leucolobia,0
Acacia levata,0
Acacia ligulata,0
Acacia ligustrina,0
Acacia limbata,0
Acacia linarioides,0
Acacia linearifolia,0
Acacia lineata,0
Acacia lineolata,0
Acacia linifolia,0
Acacia lirellata,0
Acacia littorea,0
Acacia lobulata,0
Acacia loderi,0
Acacia longifolia,0
Acacia longipedunculata,0
Acacia longiphyllodinea,0
Acacia longispicata,0
Acacia longispinea,0
Acacia longissima,0
Acacia loroloba,0
Acacia loxophylla,0
Acacia lucasii,0
Acacia lullfitziorum,1
Acacia lunata,0
Acacia luteola,0
Acacia lycopodiifolia,0
Acacia lysiphloia,0
Acacia mabellae,0
Acacia macdonnellensis,0
Acacia mackeyana,0
Acacia macnuttiana,0
Acacia maconochieana,0
Acacia macradenia,0
Acacia maidenii,0
Acacia maitlandii,0
Acacia malloclada,0
Acacia mangium,0
Acacia manipularis,0
Acacia maranoensis,0
Acacia marramamba,0
Acacia masliniana,0
Acacia matthewii,0
Acacia maxwellii,0
Acacia mearnsii,0
Acacia megacephala,0
Acacia megalantha,0
Acacia meiantha,0
Acacia meiosperma,0
Acacia meisneri,0
Acacia melanoxylon,1
Acacia melleodora,0
Acacia melvillei,0
Acacia menzelii,0
Acacia merinthophora,0
Acacia merrallii,0
Acacia merrickiae,0
Acacia microbotrya,0
Acacia microcalyx,0
Acacia microcarpa,0
Acacia microcephala,0
Acacia microneura,0
Acacia microsperma,0
Acacia mimica,0
Acacia mimula,0
Acacia minutifolia,0
Acacia minyura,0
Acacia mitchellii,0
Acacia mitodes,0
Acacia moirii,0
Acacia mollifolia,0
Acacia montana,0
Acacia monticola,0
Acacia mooreana,0
Acacia mountfordiae,0
Acacia mucronata,0
Acacia muelleriana,0
Acacia multisiliqua,0
Acacia multispicata,0
Acacia multistipulosa,0
Acacia murrayana,1
Acacia mutabilis,0
Acacia myrtifolia,0
Acacia nanodealbata,0
Acacia nematophylla,0
Acacia neriifolia,0
Acacia nervosa,0
Acacia nesophila,0
Acacia neurocarpa,0
Acacia neurophylla,0
Acacia newbeyi,0
Acacia nigricans,0
Acacia nigripilosa,0
Acacia nitidula,0
Acacia nivea,0
Acacia nodiflora,0
Acacia notabilis,0
Acacia nuperrima,0
Acacia nyssophylla,0
Acacia obesa,0
Acacia obliquinervia,0
Acacia obovata,0
Acacia obtecta,0
Acacia obtusata,0
Acacia obtusifolia,0
Acacia octonervia,0
Acacia oldfieldii,0
Acacia olgana,0
Acacia oligoneura,0
Acacia olsenii,0
Acacia omalophylla,0
Acacia ommatosperma,0
Acacia oncinocarpa,0
Acacia oncinophylla,0
Acacia ophiolithica,0
Acacia oraria,0
Acacia orbifolia,0
Acacia orites,0
Acacia orthocarpa,0
Acacia orthotricha,0
Acacia oshanesii,0
Acacia oswaldii,0
Acacia oxycedrus,0
Acacia oxyclada,0
Acacia pachyacra,0
Acacia pachycarpa,0
Acacia pachyphloia,0
Acacia pachyphylla,0
Acacia pachypoda,0
Acacia pallidifolia,0
Acacia palustris,0
Acacia papulosa,0
Acacia papyrocarpa,0
Acacia paradoxa,0
Acacia paraneura,0
Acacia parramattensis,0
Acacia parvipinnula,0
Acacia pataczekii,1
Acacia patagiata,0
Acacia paula,0
Acacia pedleyi,0
Acacia pellita,0
Acacia pelophila,0
Acacia pendula,0
Acacia penninervis,0
Acacia pentadenia,0
Acacia perangusta,0
Acacia perryi,0
Acacia petraea,0
Acacia peuce,0
Acacia phaeocalyx,0
Acacia pharangites,0
Acacia phasmoides,0
Acacia phlebocarpa,0
Acacia phlebopetala,0
Acacia phlebophylla,0
Acacia pickardii,1
Acacia piligera,0
Acacia pilligaensis,0
Acacia pinguiculosa,0
Acacia pinguifolia,0
Acacia platycarpa,0
Acacia plautella,0
Acacia plectocarpa,0
Acacia plicata,0
Acacia podalyriifolia,0
Acacia polifolia,0
Acacia poliochroa,0
Acacia polyadenia,0
Acacia polybotrya,0
Acacia polystachya,0
Acacia porcata,0
Acacia praelongata,0
Acacia praemorsa,1
Acacia praetermissa,0
Acacia prainii,0
Acacia pravifolia,0
Acacia pravissima,0
Acacia preissiana,1
Acacia prismifolia,0
Acacia pritzeliana,0
Acacia producta,0
Acacia profusa,0
Acacia proiantha,0
Acacia prominens,0
Acacia pruinocarpa,0
Acacia pruinosa,0
Acacia pterocaulon,0
Acacia ptychoclada,0
Acacia ptychophylla,0
Acacia pubescens,0
Acacia pubicosta,0
Acacia pubifolia,0
Acacia pubirhachis,0
Acacia pulchella,0
Acacia pulviniformis,1
Acacia puncticulata,0
Acacia purpureopetala,0
Acacia pusilla,0
Acacia pustula,0
Acacia pycnantha,0
Acacia pycnocephala,0
Acacia pycnostachya,0
Acacia pygmaea,0
Acacia pyrifolia,0
Acacia quadrilateralis,0
Acacia quadrimarginea,0
Acacia quadrisulcata,0
Acacia quinquenervia,0
Acacia quornensis,0
Acacia racospermoides,0
Acacia ramiflora,0
Acacia ramulosa,0
Acacia recurvata,0
Acacia redolens,0
Acacia rendlei,0
Acacia repanda,0
Acacia repens,0
Acacia resinicostata,0
Acacia resinimarginea,0
Acacia resinistipulea,0
Acacia resinosa,0
Acacia restiacea,0
Acacia retinervis,0
Acacia retinodes,0
Acacia retivenea,0
Acacia retrorsa,0
Acacia rhamphophylla,0
Acacia rhetinocarpa,0
Acacia rhigiophylla,0
Acacia rhodophloia,0
Acacia rhodoxylon,0
Acacia riceana,0
Acacia richardsii,0
Acacia ridleyana,0
Acacia rigens,0
Acacia rigescens,0
Acacia rigida,0
Acacia rivalis,0
Acacia robinae,0
Acacia rossei,0
Acacia rostellata,0
Acacia rostellifera,1
Acacia rothii,0
Acacia roycei,0
Acacia rubida,0
Acacia rupicola,0
Acacia ruppii,0
Acacia ryaniana,0
Acacia sabulosa,0
Acacia saliciformis,0
Acacia salicina,1
Acacia saligna,0
Acacia saxatilis,0
Acacia saxicola,0
Acacia scalena,0
Acacia scalpelliformis,0
Acacia schinoides,0
Acacia sciophanes,0
Acacia scirpifolia,0
Acacia scleroclada,0
Acacia sclerophylla,0
Acacia sclerosperma,0
Acacia scopulorum,0
Acacia sedifolia,0
Acacia semicircinalis,0
Acacia semilunata,0
Acacia semirigida,0
Acacia semitrullata,0
Acacia sericata,0
Acacia sericocarpa,0
Acacia sericoflora,0
Acacia sertiformis,0
Acacia sessilis,0
Acacia sessilispica,0
Acacia setulifera,0
Acacia shirleyi,0
Acacia shuttleworthii,0
Acacia sibilans,0
Acacia sibina,0
Acacia siculiformis,0
Acacia signata,0
Acacia silvestris,0
Acacia simsii,0
Acacia simulans,0
Acacia singula,0
Acacia smeringa,0
Acacia solenota,0
Acacia sorophylla,0
Acacia spania,0
Acacia sparsiflora,0
Acacia spathulifolia,0
Acacia speckii,0
Acacia spectabilis,0
Acacia sphacelata,0
Acacia sphaerostachya,0
Acacia sphenophylla,0
Acacia spilleriana,0
Acacia spinescens,0
Acacia spinosissima,0
Acacia spondylophylla,0
Acacia spongolitica,0
Acacia squamata,1
Acacia startii,0
Acacia steedmanii,0
Acacia stellaticeps,0
Acacia stenophylla,1
Acacia stenoptera,0
Acacia stereophylla,0
Acacia stigmatophylla,0
Acacia stipuligera,0
Acacia stipulosa,0
Acacia storyi,0
Acacia stowardii,0
Acacia striatifolia,0
Acacia stricta,1
Acacia strongylophylla,0
Acacia suaveolens,0
Acacia subcaerulea,0
Acacia suberosa,0
Acacia subflexuosa,0
Acacia sublanata,0
Acacia subporosa,0
Acacia subracemosa,0
Acacia subrigida,0
Acacia subsessilis,0
Acacia subternata,0
Acacia subtessarogona,0
Acacia subtilinervis,0
Acacia subulata,0
Acacia sulcata,0
Acacia sutherlandii,0
Acacia symonii,0
Acacia synchronicia,0
Acacia tarculensis,0
Acacia tayloriana,0
Acacia telmica,0
Acacia tenuinervis,1
Acacia tenuior,0
Acacia tenuispica,0
Acacia tenuissima,0
Acacia tephrina,0
Acacia teretifolia,0
Acacia terminalis,0
Acacia tessellata,0
Acacia tetanophylla,0
Acacia tetragonocarpa,0
Acacia tetragonophylla,0
Acacia tetraneura,0
Acacia tetraptera,0
Acacia thomsonii,0
Acacia tindaleae,0
Acacia tolmerensis,0
Acacia torticarpa,0
Acacia torulosa,0
Acacia trachycarpa,0
Acacia trachyphloia,0
Acacia translucens,0
Acacia tratmaniana,0
Acacia trigonophylla,0
Acacia trinalis,0
Acacia trinervata,0
Acacia trineura,0
Acacia triptera,0
Acacia triptycha,0
Acacia triquetra,0
Acacia tropica,0
Acacia truculenta,0
Acacia trulliformis,0
Acacia truncata,0
Acacia tuberculata,0
Acacia tumida,0
Acacia tysonii,0
Acacia ulicifolia,0
Acacia ulicina,0
Acacia uliginosa,0
Acacia umbellata,0
Acacia uncifera,0
Acacia uncinata,0
Acacia uncinella,0
Acacia undoolyana,0
Acacia undosa,0
Acacia undulifolia,0
Acacia unguicula,0
Acacia unifissilis,0
Acacia urophylla,0
Acacia valida,0
Acacia validinervia,0
Acacia varia,1
Acacia vassalii,0
Acacia venulosa,0
Acacia verniciflua,0
Acacia veronica,0
Acacia verricula,0
Acacia verticillata,0
Acacia vestita,0
Acacia victoriae,0
Acacia vincentii,0
Acacia viscidula,0
Acacia viscifolia,0
Acacia vittata,0
Acacia volubilis,0
Acacia wanyu,0
Acacia wardellii,0
Acacia warramaba,0
Acacia wattsiana,0
Acacia websteri,0
Acacia whibleyana,0
Acacia whitei,0
Acacia wickhamii,0
Acacia wilcoxii,0
Acacia wilhelmiana,0
Acacia willdenowiana,0
Acacia williamsonii,0
Acacia wilsonii,0
Acacia wiseana,0
Acacia xanthina,0
Acacia xanthocarpa,0
Acacia xerophila,0
Acacia xiphophylla,0
Acacia yirrkallensis,0
Acacia yorkrakinensis,0
Acacia zatrichota,0
Acanthocarpus canaliculatus,0
Acanthocarpus humilis,0
Acanthocarpus parviflorus,0
Acanthocarpus preissii,0
Acanthocarpus robustus,0
Acanthocarpus rupestris,0
Acanthocarpus verticillatus,0
Acidonia microcarpa,0
Actinostrobus acuminatus,1
Actinostrobus arenarius,0
Actinostrobus pyramidalis,0
Adenanthera abrosperma,0
Adenanthos acanthophyllus,1
Adenanthos apiculatus,0
Adenanthos argyreus,0
Adenanthos barbiger,1
Adenanthos cacomorphus,1
Adenanthos cuneatus,1
Adenanthos cygnorum,0
Adenanthos detmoldii,0
Adenanthos dobagii,0
Adenanthos dobsonii,1
Adenanthos drummondii,1
Adenanthos ellipticus,0
Adenanthos eyrei,0
Adenanthos filifolius,0
Adenanthos flavidiflorus,1
Adenanthos forrestii,1
Adenanthos glabrescens,0
Adenanthos gracilipes,1
Adenanthos ileticos,1
Adenanthos labillardierei,0
Adenanthos linearis,0
Adenanthos macropodianus,0
Adenanthos meisneri,1
Adenanthos obovatus,1
Adenanthos oreophilus,0
Adenanthos pungens,0
Adenanthos sericeus,0
Adenanthos stictus,0
Adenanthos terminalis,0
Adenanthos velutinus,0
Adenanthos venosus,1
Agastachys odorata,0
Agathis atropurpurea,0
Agathis microstachya,0
Agathis robusta,0
Agrostocrinum scabrum,0
Ailanthus triphysa,0
Akania lucens,0
Alangium villosum,0
Alania endlicheri,0
Albizia canescens,0
Albizia procera,0
Alectryon connatus,0
Alectryon coriaceus,0
Alectryon forsythii,0
Alectryon kimberleyanus,0
Alectryon repandodentatus,0
Alectryon subcinereus,0
Alectryon subdentatus,0
Alectryon tomentosus,0
Alectryon unilobatus,0
Allocasuarina acuaria,0
Allocasuarina acutivalvis,0
Allocasuarina brachystachya,0
Allocasuarina campestris,0
Allocasuarina corniculata,0
Allocasuarina crassa,0
Allocasuarina decaisneana,0
Allocasuarina decussata,0
Allocasuarina defungens,1
Allocasuarina dielsiana,0
Allocasuarina diminuta,0
Allocasuarina distyla,0
Allocasuarina drummondiana,0
Allocasuarina emuina,0
Allocasuarina eriochlamys,0
Allocasuarina fibrosa,0
Allocasuarina filidens,0
Allocasuarina fraseriana,0
Allocasuarina glareicola,0
Allocasuarina globosa,0
Allocasuarina grampiana,0
Allocasuarina grevilleoides,1
Allocasuarina gymnanthera,0
Allocasuarina helmsii,0
Allocasuarina huegeliana,0
Allocasuarina humilis,0
Allocasuarina inophloia,0
Allocasuarina lehmanniana,0
Allocasuarina littoralis,0
Allocasuarina luehmannii,0
Allocasuarina mackliniana,0
Allocasuarina media,0
Allocasuarina microstachya,0
Allocasuarina misera,0
Allocasuarina monilifera,0
Allocasuarina muelleriana,0
Allocasuarina nana,0
Allocasuarina ophiolitica,0
Allocasuarina paludosa,0
Allocasuarina paradoxa,0
Allocasuarina pinaster,0
Allocasuarina portuensis,0
Allocasuarina pusilla,0
Allocasuarina ramosissima,0
Allocasuarina rigida,0
Allocasuarina robusta,0
Allocasuarina rupicola,0
Allocasuarina scleroclada,0
Allocasuarina simulans,0
Allocasuarina spinosissima,0
Allocasuarina striata,0
Allocasuarina tessellata,0
Allocasuarina thalassoscopica,0
Allocasuarina thuyoides,0
Allocasuarina tortiramula,0
Allocasuarina torulosa,0
Allocasuarina trichodon,0
Allocasuarina verticillata,0
Allocasuarina zephyrea,0
Allophylus cobbe,0
Alloxylon flammeum,0
Alloxylon pinnatum,0
Alloxylon wickhamii,0
Alpinia arctiflora,0
Alpinia arundelliana,0
Alpinia coerulea,0
Alpinia hylandii,0
Alpinia modesta,0
Alpinia racemigera,0
Ammannia baccifera,0
Ammannia multiflora,0
Ammannia pubiflora,0
Amomum dallachyi,0
Amomum queenslandicum,0
Amyema benthamii,0
Amyema bifurcatum,0
Amyema biniflorum,0
Amyema cambagei,0
Amyema congener,0
Amyema conspicuum,0
Amyema dolichopodum,0
Amyema fitzgeraldii,0
Amyema friesianum,0
Amyema gaudichaudii,0
Amyema gibberulum,0
Amyema glabrum,0
Amyema haematodes,0
Amyema herbertianum,0
Amyema hillianum,0
Amyema linophyllum,0
Amyema lucasii,0
Amyema mackayense,0
Amyema maidenii,0
Amyema melaleucae,0
Amyema microphyllum,0
Amyema miquelii,0
Amyema miraculosum,0
Amyema nestor,0
Amyema pendulum,0
Amyema preissii,0
Amyema quandang,0
Amyema quaternifolium,0
Amyema queenslandicum,0
Amyema sanguineum,0
Amyema seemenianum,0
Amyema subcapitatum,0
Amyema thalassium,0
Amyema tridactylum,0
Amyema villiflorum,0
Amyema whitei,0
Amylotheca dictyophleba,0
Amylotheca subumbellata,0
Anemone crassifolia,1
Anigozanthos bicolor,0
Anigozanthos flavidus,0
Anigozanthos gabrielae,0
Anigozanthos humilis,0
Anigozanthos kalbarriensis,0
Anigozanthos manglesii,0
Anigozanthos onycis,0
Anigozanthos preissii,0
Anigozanthos pulcherrimus,0
Anigozanthos rufus,0
Anigozanthos viridis,0
Anthobolus filifolius,0
Anthobolus foveolatus,0
Anthobolus leptomerioides,0
Anthotium humile,1
Anthotium junciforme,0
Anthotium rubriflorum,1
Apatophyllum constablei,0
Apatophyllum olsenii,0
Aphananthe philippinensis,0
Apodytes brachystylis,0
Araucaria bidwillii,0
Archidendron grandiflorum,0
Archidendron hendersonii,0
Archidendron hirsutum,0
Archidendron kanisii,0
Archidendron lovellae,0
Archidendron lucyi,0
Archidendron muellerianum,0
Archidendron ramiflorum,0
Archidendron vaillantii,0
Archidendron whitei,0
Archidendropsis basaltica,0
Archidendropsis thozetiana,0
Archidendropsis xanthoxylon,0
Aristolochia acuminata,0
Aristolochia chalmersii,0
Aristolochia holtzei,0
Aristolochia meridionalis,0
Aristolochia pubera,0
Aristolochia thozetii,0
Arnhemia cryptantha,0
Arnocrinum drummondii,0
Arnocrinum gracillimum,0
Arnocrinum preissii,0
Artabotrys carnosipetalus,0
Arthropodium curvipes,1
Arthropodium dyeri,1
Arthropodium milleflorum,1
Arthropodium minus,1
Artocarpus glaucus,0
Arytera bifoliolata,0
Arytera dictyoneura,0
Arytera distylis,0
Arytera divaricata,0
Arytera foveolata,0
Arytera lautereriana,0
Arytera macrobotrys,0
Arytera microphylla,0
Arytera pauciflora,0
Astelia alpina,1
Astelia australiana,1
Astelia psychrocharis,1
Atalaya angustifolia,0
Atalaya australiana,0
Atalaya calcicola,0
Atalaya hemiglauca,0
Atalaya multiflora,0
Atalaya rigida,0
Atalaya salicifolia,0
Atalaya sericopetala,0
Atalaya variifolia,0
Atherosperma moschatum,0
Athertonia diversifolia,0
Athrotaxis cupressoides,0
Athrotaxis selaginoides,0
Atkinsonia ligustrina,0
Australina pusilla,0
Austrobaileya scandens,0
Austromatthaea elegans,0
Austromuellera trinervia,0
Austromuellera valida,0
Balanophora fungosa,0
Balanops australiana,0
Banksia aculeata,0
Banksia aemula,0
Banksia aquilonia,0
Banksia ashbyi,0
Banksia attenuata,1
Banksia audax,1
Banksia baueri,0
Banksia baxteri,0
Banksia benthamiana,0
Banksia blechnifolia,0
Banksia brownii,0
Banksia burdettii,0
Banksia caleyi,0
Banksia candolleana,1
Banksia canei,0
Banksia chamaephyton,1
Banksia coccinea,0
Banksia conferta,0
Banksia cuneata,0
Banksia dentata,0
Banksia dryandroides,0
Banksia elderiana,1
Banksia elegans,1
Banksia epica,0
Banksia ericifolia,0
Banksia gardneri,1
Banksia goodii,1
Banksia grandis,0
Banksia grossa,1
Banksia hookeriana,0
Banksia ilicifolia,0
Banksia incana,1
Banksia integrifolia,0
Banksia laevigata,0
Banksia lanata,0
Banksia laricina,0
Banksia lemanniana,0
Banksia leptophylla,0
Banksia lindleyana,0
Banksia littoralis,0
Banksia lullfitzii,1
Banksia marginata,1
Banksia media,0
Banksia meisneri,0
Banksia menziesii,1
Banksia micrantha,1
Banksia nutans,0
Banksia oblongifolia,1
Banksia occidentalis,0
Banksia oligantha,0
Banksia oreophila,0
Banksia ornata,0
Banksia paludosa,1
Banksia petiolaris,0
Banksia pilostylis,0
Banksia plagiocarpa,0
Banksia praemorsa,0
Banksia prionotes,0
Banksia pulchella,0
Banksia quercifolia,0
Banksia repens,1
Banksia robur,1
Banksia saxicola,0
Banksia scabrella,0
Banksia sceptrum,0
Banksia seminuda,0
Banksia serrata,0
Banksia solandri,0
Banksia speciosa,0
Banksia sphaerocarpa,1
Banksia spinulosa,0
Banksia telmatiaea,0
Banksia tricuspis,0
Banksia verticillata,0
Banksia victoriae,0
Banksia violacea,0
Barklya syringifolia,0
Batrachium trichophyllum,1
Bauhinia binata,0
Bauhinia carronii,0
Bauhinia cunninghamii,0
Bauhinia gilva,0
Bauhinia hookeri,0
Bauhinia malabarica,0
Baxteria australis,0
Beilschmiedia bancroftii,0
Beilschmiedia brunnea,0
Beilschmiedia castrisinensis,0
Beilschmiedia collina,0
Beilschmiedia elliptica,0
Beilschmiedia obtusifolia,0
Beilschmiedia oligandra,0
Beilschmiedia peninsularis,0
Beilschmiedia recurva,0
Beilschmiedia tooram,0
Beilschmiedia volckii,0
Bellendena montana,0
Benthamina alyxifolia,0
Blancoa canescens,0
Blandfordia cunninghamii,0
Blandfordia grandiflora,0
Blandfordia nobilis,0
Blandfordia punicea,0
Blepharocarya depauperata,0
Blepharocarya involucrigera,0
Boehmeria macrophylla,0
Borya constricta,0
Borya jabirabela,0
Borya laciniata,1
Borya longiscapa,0
Borya mirabilis,0
Borya nitida,0
Borya scirpoidea,1
Borya septentrionalis,0
Borya sphaerocephala,0
Borya subulata,0
Bowenia serrulata,1
Bowenia spectabilis,1
Brasenia schreberi,0
Brucea javanica,0
Bruguiera cylindrica,0
Bruguiera exaristata,0
Bruguiera gymnorhiza,0
Bruguiera parviflora,0
Bruguiera sexangula,0
Brunonia australis,0
Bubbia queenslandiana,0
Bubbia semecarpoides,0
Bubbia whiteana,0
Buchanania arborescens,0
Buchanania mangoides,0
Buchanania obovata,0
Buckinghamia celsissima,0
Buckinghamia ferruginiflora,0
Bulbine alata,0
Bulbine bulbosa,1
Bulbine glauca,1
Bulbine semibarbata,0
Bulbine vagans,0
Burchardia bairdiae,0
Burchardia monantha,0
Burchardia multiflora,0
Burchardia rosea,0
Burchardia umbellata,0
Caesalpinia bonduc,0
Caesalpinia crista,0
Caesalpinia erythrocarpa,0
Caesalpinia hymenocarpa,0
Caesalpinia major,0
Caesalpinia nitens,0
Caesalpinia robusta,0
Caesalpinia scortechinii,0
Caesalpinia subtropica,0
Caesalpinia traceyi,0
Caesia alpina,1
Caesia calliantha,1
Caesia chlorantha,1
Caesia micrantha,1
Caesia occidentalis,1
Caesia parviflora,1
Caesia rigidifolia,1
Caesia setifera,1
Calectasia cyanea,1
Calectasia grandiflora,1
Calectasia intermedia,1
Callitris baileyi,0
Callitris canescens,0
Callitris columellaris,0
Callitris drummondii,0
Callitris endlicheri,0
Callitris glaucophylla,0
Callitris gracilis,0
Callitris intratropica,0
Callitris macleayana,0
Callitris monticola,0
Callitris muelleri,0
Callitris oblonga,0
Callitris preissii,0
Callitris rhomboidea,0
Callitris roei,0
Callitris tuberculata,0
Callitris verrucosa,0
Calostemma luteum,1
Calostemma purpureum,1
Campynema lineare,0
Cananga odorata,0
Canarium australasicum,0
Canarium australianum,0
Canarium muelleri,0
Canarium vitiense,0
Cansjera leptostachya,0
Carallia brachiata,0
Cardiopteris moluccana,0
Cardwellia sublimis,0
Carnarvonia araliifolia,0
Carronia multisepalea,0
Carronia pedicellata,0
Carronia protensa,0
Cassia brewsteri,0
Cassia queenslandica,0
Cassine australis,0
Cassine melanocarpa,0
Cassytha aurea,0
Cassytha candida,0
Cassytha capillaris,0
Cassytha filiformis,0
Cassytha flava,0
Cassytha flindersii,0
Cassytha glabella,0
Cassytha melantha,0
Cassytha micrantha,0
Cassytha muelleri,0
Cassytha nodiflora,0
Cassytha paniculata,0
Cassytha pedicellosa,0
Cassytha peninsularis,0
Cassytha phaeolasia,0
Cassytha pomiformis,0
Cassytha pubescens,0
Cassytha racemosa,0
Cassytha rufa,0
Castanospora alphandi,0
Casuarina cristata,1
Casuarina cunninghamiana,0
Casuarina equisetifolia,0
Casuarina glauca,1
Casuarina obesa,1
Casuarina pauper,1
Catalepidia heyana,0
Cecarria obtusifolia,0
Celastrus australis,0
Celastrus subspicata,0
Celtis paniculata,0
Celtis philippensis,0
Cenarrhenes nitida,0
Ceratophyllum demersum,0
Ceriops decandra,0
Ceriops tagal,0
Chamaecrista biddulphiana,1
Chamaecrista concinna,1
Chamaecrista deserti,1
Chamaecrista exigua,1
Chamaecrista grisea,1
Chamaecrista longipes,1
Chamaecrista maritima,1
Chamaecrista mimosoides,0
Chamaecrista moorei,1
Chamaecrista nomame,0
Chamaecrista symonii,0
Chamaescilla corymbosa,1
Chamaescilla spiralis,1
Chamaexeros fimbriata,0
Chamaexeros macranthera,0
Chamaexeros serra,0
Chlorophytum laxum,1
Choretrum candollei,0
Choretrum glomeratum,0
Choretrum lateriflorum,0
Choretrum pauciflorum,0
Choretrum pritzelii,0
Choretrum spicatum,0
Cinnamomum baileyanum,0
Cinnamomum laubatii,0
Cinnamomum oliveri,0
Cinnamomum propinquum,0
Cinnamomum virens,0
Citronella moorei,0
Citronella smythii,0
Clematis aristata,0
Clematis clitorioides,0
Clematis decipiens,0
Clematis delicata,0
Clematis fawcettii,0
Clematis gentianoides,1
Clematis glycinoides,0
Clematis leptophylla,0
Clematis linearifolia,0
Clematis microphylla,0
Clematis pickeringii,0
Clematis pubescens,0
Combretum trifoliatum,0
Conospermum acerosum,0
Conospermum amoenum,0
Conospermum boreale,0
Conospermum brachyphyllum,0
Conospermum bracteosum,0
Conospermum brownii,0
Conospermum burgessiorum,0
Conospermum caeruleum,0
Conospermum canaliculatum,0
Conospermum capitatum,0
Conospermum cinereum,0
Conospermum coerulescens,0
Conospermum crassinervium,1
Conospermum croniniae,0
Conospermum densiflorum,0
Conospermum distichum,0
Conospermum eatoniae,0
Conospermum ellipticum,0
Conospermum elongatum,0
Conospermum ephedroides,1
Conospermum ericifolium,0
Conospermum filifolium,0
Conospermum flexuosum,0
Conospermum floribundum,0
Conospermum galeatum,0
Conospermum glumaceum,0
Conospermum hookeri,0
Conospermum huegelii,1
Conospermum incurvum,0
Conospermum leianthum,0
Conospermum longifolium,0
Conospermum microflorum,0
Conospermum mitchellii,0
Conospermum multispicatum,0
Conospermum nervosum,0
Conospermum paniculatum,0
Conospermum patens,0
Conospermum petiolare,1
Conospermum polycephalum,0
Conospermum quadripetalum,0
Conospermum scaposum,1
Conospermum sigmoideum,0
Conospermum spectabile,0
Conospermum sphacelatum,0
Conospermum stoechadis,0
Conospermum taxifolium,0
Conospermum tenuifolium,0
Conospermum teretifolium,0
Conospermum toddii,0
Conospermum triplinervium,0
Conospermum undulatum,0
Conospermum unilaterale,0
Conospermum wycherleyi,1
Conostylis aculeata,1
Conostylis albescens,0
Conostylis androstemma,0
Conostylis angustifolia,0
Conostylis argentea,0
Conostylis aurea,0
Conostylis bealiana,0
Conostylis bracteata,0
Conostylis breviscapa,0
Conostylis candicans,1
Conostylis canteriata,0
Conostylis caricina,0
Conostylis crassinerva,0
Conostylis deplexa,0
Conostylis dielsii,1
Conostylis drummondii,0
Conostylis festucacea,1
Conostylis hiemalis,0
Conostylis juncea,1
Conostylis latens,0
Conostylis laxiflora,0
Conostylis lepidospermoides,1
Conostylis micrantha,0
Conostylis misera,1
Conostylis neocymosa,0
Conostylis pauciflora,1
Conostylis petrophiloides,0
Conostylis phathyrantha,0
Conostylis prolifera,1
Conostylis pusilla,0
Conostylis resinosa,0
Conostylis robusta,0
Conostylis rogeri,0
Conostylis seminuda,0
Conostylis seorsiflora,1
Conostylis serrulata,1
Conostylis setigera,0
Conostylis setosa,0
Conostylis stylidioides,1
Conostylis teretifolia,0
Conostylis teretiuscula,0
Conostylis tomentosa,0
Conostylis vaginata,0
Conostylis villosa,0
Conostylis wonganensis,0
Coopernookia barbata,0
Coopernookia chisholmii,0
Coopernookia georgei,0
Coopernookia polygalacea,0
Coopernookia scabridiuscula,0
Coopernookia strophiolata,0
Cordyline cannifolia,0
Cordyline congesta,0
Cordyline fruticosa,0
Cordyline manners-suttoniae,0
Cordyline murchisoniae,0
Cordyline petiolaris,0
Cordyline rubra,0
Cordyline stricta,0
Corynocarpus cribbianus,0
Corynocarpus rupestris,0
Corynotheca asperata,1
Corynotheca flexuosissima,1
Corynotheca lateriflora,1
Corynotheca licrota,1
Corynotheca micrantha,1
Corynotheca pungens,0
Cossinia australiana,0
Costus potierae,0
Crinum angustifolium,0
Crinum flaccidum,0
Crinum pedunculatum,0
Crinum uniflorum,0
Crinum venosum,0
Crudia papuana,0
Cryptocarya angulata,0
Cryptocarya bamagana,0
Cryptocarya bellendenkerana,0
Cryptocarya bidwillii,0
Cryptocarya brassii,0
Cryptocarya burckiana,0
Cryptocarya clarksoniana,0
Cryptocarya claudiana,0
Cryptocarya cocosoides,0
Cryptocarya corrugata,0
Cryptocarya cunninghamii,0
Cryptocarya densiflora,0
Cryptocarya dorrigoensis,0
Cryptocarya endiandrifolia,0
Cryptocarya erythroxylon,0
Cryptocarya exfoliata,0
Cryptocarya floydii,0
Cryptocarya foetida,0
Cryptocarya foveolata,0
Cryptocarya glaucescens,0
Cryptocarya glaucocarpa,0
Cryptocarya grandis,0
Cryptocarya hypospodia,0
Cryptocarya laevigata,0
Cryptocarya leucophylla,0
Cryptocarya lividula,0
Cryptocarya macdonaldii,0
Cryptocarya mackinnoniana,0
Cryptocarya meisneriana,0
Cryptocarya melanocarpa,0
Cryptocarya microneura,0
Cryptocarya murrayi,0
Cryptocarya nova-anglica,0
Cryptocarya oblata,0
Cryptocarya obovata,0
Cryptocarya onoprienkoana,0
Cryptocarya pleurosperma,0
Cryptocarya putida,0
Cryptocarya rhodosperma,0
Cryptocarya rigida,0
Cryptocarya saccharata,0
Cryptocarya sclerophylla,0
Cryptocarya smaragdina,0
Cryptocarya triplinervis,0
Cryptocarya vulgaris,0
Cryptocarya whiffiniana,0
Cryptocarya williwilliana,0
Cupaniopsis anacardioides,0
Cupaniopsis dallachyi,0
Cupaniopsis flagelliformis,0
Cupaniopsis fleckeri,0
Cupaniopsis foveolata,0
Cupaniopsis newmanii,0
Cupaniopsis parvifolia,0
Cupaniopsis serrata,0
Cupaniopsis shirleyana,0
Cupaniopsis tomentella,0
Cupaniopsis wadsworthii,0
Curculigo ensifolia,1
Curcuma australasica,1
Cyathostemma glabrum,0
Cyathostemma micranthum,0
Cycas angulata,0
Cycas arenicola,0
Cycas armstrongii,0
Cycas arnhemica,0
Cycas badensis,0
Cycas basaltica,0
Cycas brunnea,0
Cycas cairnsiana,0
Cycas calcicola,0
Cycas canalis,0
Cycas conferta,0
Cycas couttsiana,0
Cycas desolata,0
Cycas furfuracea,0
Cycas lane-poolei,0
Cycas maconochiei,0
Cycas media,0
Cycas megacarpa,0
Cycas ophiolitica,0
Cycas orientis,0
Cycas platyphylla,0
Cycas pruinosa,0
Cycas semota,0
Cycas silvestris,0
Cycas tuckeri,0
Cycas xipholepis,0
Cycas yorkiana,0
Cynometra iripa,0
Dactyliophora novaeguineae,0
Dampiera adpressa,0
Dampiera alata,0
Dampiera altissima,0
Dampiera angulata,0
Dampiera atriplicina,0
Dampiera candicans,0
Dampiera carinata,0
Dampiera cinerea,0
Dampiera conospermoides,0
Dampiera coronata,0
Dampiera decurrens,0
Dampiera deltoidea,0
Dampiera dentata,0
Dampiera discolor,0
Dampiera diversifolia,0
Dampiera dysantha,0
Dampiera eriantha,0
Dampiera eriocephala,0
Dampiera fasciculata,0
Dampiera ferruginea,0
Dampiera fitzgeraldensis,0
Dampiera fusca,0
Dampiera galbraithiana,0
Dampiera glabrescens,0
Dampiera haematotricha,0
Dampiera hederacea,0
Dampiera heteroptera,0
Dampiera incana,0
Dampiera juncea,0
Dampiera krauseana,0
Dampiera lanceolata,0
Dampiera latealata,0
Dampiera lavandulacea,0
Dampiera leptoclada,0
Dampiera lindleyi,0
Dampiera linearis,0
Dampiera loranthifolia,0
Dampiera luteiflora,0
Dampiera marifolia,0
Dampiera obliqua,0
Dampiera oligophylla,0
Dampiera orchardii,0
Dampiera parvifolia,0
Dampiera pedunculata,0
Dampiera plumosa,0
Dampiera purpurea,0
Dampiera ramosa,0
Dampiera rosmarinifolia,0
Dampiera roycei,0
Dampiera sacculata,0
Dampiera salahae,0
Dampiera scaevolina,0
Dampiera scottiana,0
Dampiera sericantha,0
Dampiera spicigera,0
Dampiera stenophylla,0
Dampiera stenostachya,0
Dampiera stricta,0
Dampiera sylvestris,0
Dampiera tenuicaulis,0
Dampiera tephrea,0
Dampiera teres,0
Dampiera tomentosa,0
Dampiera trigona,0
Dampiera triloba,0
Dampiera wellsiana,0
Dansiea elliptica,0
Dansiea grandiflora,0
Daphnandra apatela,0
Daphnandra johnsonii,0
Daphnandra melasmena,0
Daphnandra micrantha,0
Daphnandra repandula,0
Daphnandra tenuipes,0
Darlingia darlingiana,0
Darlingia ferruginea,0
Dasypogon bromeliifolius,0
Dasypogon hookeri,1
Dasypogon obliquifolius,0
Decaisnina biangulata,0
Decaisnina brittenii,0
Decaisnina congesta,0
Decaisnina hollrungii,0
Decaisnina petiolata,0
Decaisnina signata,0
Dendrocnide corallodesme,0
Dendrocnide cordata,0
Dendrocnide excelsa,0
Dendrocnide moroides,0
Dendrocnide photinophylla,0
Dendromyza reinwardtiana,0
Dendrophthoe acacioides,0
Dendrophthoe falcata,0
Dendrophthoe glabrescens,0
Dendrophthoe homoplastica,0
Dendrophthoe odontocalyx,0
Dendrophthoe vitellina,0
Dendrotrophe varians,0
Denhamia celastroides,0
Denhamia moorei,0
Denhamia obscura,0
Denhamia oleaster,0
Denhamia parvifolia,0
Denhamia pittosporoides,0
Denhamia viridissima,0
Desmos goezeanus,0
Desmos polycarpus,0
Desmos wardianus,0
Dianella atraxis,0
Dianella bambusifolia,0
Dianella brevipedunculata,0
Dianella caerulea,1
Dianella congesta,1
Dianella crinoides,0
Dianella incollata,0
Dianella longifolia,1
Dianella nervosa,0
Dianella odorata,0
Dianella pavopennacea,0
Dianella prunina,0
Dianella rara,1
Dianella revoluta,1
Dianella tasmanica,0
Diaspasis filifolia,0
Dichapetalum papuanum,0
Dichopogon capillipes,1
Dichopogon fimbriatus,1
Dichopogon preissii,1
Dichopogon strictus,1
Dichopogon tyleri,1
Dichrostachys spicata,0
Dictyoneura microcarpa,0
Dimocarpus australianus,0
Dimocarpus leichhardtii,0
Dioscorea bulbifera,1
Dioscorea hastifolia,1
Dioscorea transversa,1
Diplarrena latifolia,0
Diplarrena moraea,0
Diplatia furcata,0
Diplatia grandibractea,0
Diplatia tomentosa,0
Diploglottis bracteata,0
Diploglottis campbellii,0
Diploglottis cunninghamii,0
Diploglottis diphyllostegia,0
Diploglottis harpullioides,0
Diploglottis macrantha,0
Diploglottis pedleyi,0
Diploglottis smithii,0
Diplopeltis eriocarpa,1
Diplopeltis huegelii,1
Diplopeltis intermedia,1
Diplopeltis petiolaris,1
Diplopeltis stuartii,0
Diselma archeri,0
Distichostemon arnhemicus,0
Distichostemon barklyanus,0
Distichostemon dodecandrus,0
Distichostemon filamentosus,0
Distichostemon hispidulus,0
Distichostemon malvaceus,0
Dodonaea adenophora,0
Dodonaea amblyophylla,0
Dodonaea aptera,0
Dodonaea baueri,0
Dodonaea boroniifolia,0
Dodonaea bursariifolia,0
Dodonaea caespitosa,0
Dodonaea camfieldii,0
Dodonaea ceratocarpa,0
Dodonaea concinna,0
Dodonaea coriacea,0
Dodonaea divaricata,0
Dodonaea ericoides,0
Dodonaea falcata,0
Dodonaea filifolia,0
Dodonaea filiformis,0
Dodonaea glandulosa,0
Dodonaea hackettiana,0
Dodonaea heteromorpha,0
Dodonaea hexandra,0
Dodonaea hirsuta,0
Dodonaea humifusa,0
Dodonaea humilis,0
Dodonaea inaequifolia,0
Dodonaea intricata,0
Dodonaea lanceolata,0
Dodonaea larreoides,0
Dodonaea lobulata,0
Dodonaea macrossanii,0
Dodonaea megazyga,0
Dodonaea microzyga,0
Dodonaea multijuga,0
Dodonaea oxyptera,0
Dodonaea pachyneura,0
Dodonaea peduncularis,0
Dodonaea petiolaris,0
Dodonaea physocarpa,0
Dodonaea pinifolia,0
Dodonaea pinnata,0
Dodonaea platyptera,0
Dodonaea polyandra,0
Dodonaea polyzyga,0
Dodonaea procumbens,0
Dodonaea ptarmicaefolia,0
Dodonaea rhombifolia,0
Dodonaea rigida,0
Dodonaea rupicola,0
Dodonaea serratifolia,0
Dodonaea sinuolata,0
Dodonaea stenophylla,0
Dodonaea stenozyga,0
Dodonaea subglandulifera,0
Dodonaea tenuifolia,0
Dodonaea tepperi,0
Dodonaea triangularis,0
Dodonaea trifida,0
Dodonaea triquetra,0
Dodonaea truncatiales,0
Dodonaea uncinata,0
Dodonaea vestita,0
Dodonaea viscosa,0
Doryanthes excelsa,0
Doryanthes palmeri,0
Doryphora aromatica,0
Doryphora sassafras,0
Dryadodaphne trachyphloia,0
Dryandra acanthopoda,0
Dryandra anatona,0
Dryandra arborea,0
Dryandra arctotidis,1
Dryandra armata,0
Dryandra aurantia,1
Dryandra baxteri,0
Dryandra bipinnatifida,1
Dryandra blechnifolia,1
Dryandra borealis,0
Dryandra brownii,0
Dryandra calophylla,1
Dryandra carlinoides,0
Dryandra catoglypta,0
Dryandra cirsioides,0
Dryandra columnaris,0
Dryandra comosa,0
Dryandra concinna,0
Dryandra conferta,0
Dryandra corvijuga,0
Dryandra cuneata,0
Dryandra cynaroides,0
Dryandra cypholoba,1
Dryandra drummondii,0
Dryandra echinata,0
Dryandra epimicta,0
Dryandra erythrocephala,0
Dryandra falcata,0
Dryandra fasciculata,0
Dryandra ferruginea,0
Dryandra fililoba,0
Dryandra foliolata,0
Dryandra foliosissima,0
Dryandra formosa,0
Dryandra fraseri,0
Dryandra fuscobractea,0
Dryandra glauca,0
Dryandra hewardiana,0
Dryandra hirsuta,0
Dryandra horrida,0
Dryandra idiogenes,1
Dryandra insulanemorecincta,0
Dryandra ionthocarpa,1
Dryandra kippistiana,0
Dryandra lepidorhiza,1
Dryandra lindleyana,1
Dryandra longifolia,0
Dryandra meganotia,0
Dryandra mimica,1
Dryandra montana,0
Dryandra mucronulata,0
Dryandra nana,1
Dryandra nervosa,1
Dryandra nivea,0
Dryandra nobilis,0
Dryandra obtusa,1
Dryandra octotriginta,0
Dryandra pallida,0
Dryandra platycarpa,0
Dryandra plumosa,0
Dryandra polycephala,0
Dryandra porrecta,1
Dryandra praemorsa,0
Dryandra preissii,0
Dryandra proteoides,0
Dryandra pseudoplumosa,0
Dryandra pteridifolia,1
Dryandra pulchella,0
Dryandra purdieana,0
Dryandra quercifolia,0
Dryandra rufistylis,0
Dryandra sclerophylla,0
Dryandra seneciifolia,0
Dryandra serra,0
Dryandra serratuloides,0
Dryandra sessilis,0
Dryandra shanklandiorum,0
Dryandra shuttleworthiana,0
Dryandra speciosa,0
Dryandra squarrosa,0
Dryandra stenoprion,1
Dryandra stricta,0
Dryandra stuposa,0
Dryandra subpinnatifida,0
Dryandra subulata,0
Dryandra tenuifolia,1
Dryandra tortifolia,1
Dryandra tridentata,0
Dryandra trifontinalis,0
Dryandra vestita,0
Dryandra viscida,0
Dryandra wonganensis,0
Dryandra xylothemelia,1
Drymophila cyanocarpa,0
Drymophila moorei,0
Echinostephia aculeata,1
Eidothea zoexylocarya,0
Elaeagnus triflora,0
Elatostema reticulatum,0
Elatostema stipitatum,0
Elattostachys megalantha,0
Elattostachys microcarpa,0
Elattostachys nervosa,0
Elattostachys xylocarpa,0
Endiandra acuminata,0
Endiandra anthropophagorum,0
Endiandra bellendenkerana,0
Endiandra bessaphila,0
Endiandra collinsii,0
Endiandra compressa,0
Endiandra cooperana,0
Endiandra cowleyana,0
Endiandra crassiflora,0
Endiandra dichrophylla,0
Endiandra dielsiana,0
Endiandra discolor,0
Endiandra floydii,0
Endiandra glauca,0
Endiandra globosa,0
Endiandra grayi,0
Endiandra hayesii,0
Endiandra hypotephra,0
Endiandra impressicosta,0
Endiandra insignis,0
Endiandra introrsa,0
Endiandra jonesii,0
Endiandra leptodendron,0
Endiandra limnophila,0
Endiandra longipedicellata,0
Endiandra microneura,0
Endiandra monothyra,0
Endiandra montana,0
Endiandra muelleri,0
Endiandra palmerstonii,0
Endiandra phaeocarpa,0
Endiandra pubens,0
Endiandra sankeyana,0
Endiandra sideroxylon,0
Endiandra sieberi,0
Endiandra virens,0
Endiandra wolfei,0
Endiandra xanthocarpa,0
Endressia wardellii,0
Entada phaseoloides,0
Entada rheedii,0
Epilobium billardierianum,1
Epilobium curtisiae,1
Epilobium fugitivum,1
Epilobium gunnianum,1
Epilobium hirtigerum,1
Epilobium pallidiflorum,1
Epilobium perpusillum,1
Epilobium sarmentaceum,1
Epilobium tasmanicum,1
Epilobium willisii,1
Erythrophleum chlorostachys,0
Etlingera australasica,0
Euonymus australiana,0
Euonymus globularis,0
Eupomatia barbata,1
Eupomatia bennettii,1
Eupomatia laurina,0
Euroschinus falcata,0
Eustrephus latifolius,0
Exocarpos aphyllus,0
Exocarpos cupressiformis,0
Exocarpos humifusus,0
Exocarpos latifolius,0
Exocarpos nanus,0
Exocarpos odoratus,0
Exocarpos sparteus,0
Exocarpos strictus,0
Exocarpos syrticola,0
Fatoua pilosa,0
Ficus adenosperma,0
Ficus baileyana,0
Ficus copiosa,0
Ficus coronata,0
Ficus coronulata,0
Ficus crassipes,0
Ficus destruens,0
Ficus drupacea,0
Ficus fraseri,0
Ficus leptoclada,0
Ficus leucotricha,0
Ficus microcarpa,1
Ficus nodosa,0
Ficus obliqua,0
Ficus opposita,0
Ficus platypoda,0
Ficus pleurocarpa,0
Ficus podocarpifolia,0
Ficus rubiginosa,0
Ficus scobina,0
Ficus septica,0
Ficus subpuberula,0
Ficus triradiata,0
Ficus virens,1
Ficus watkinsiana,0
Fitzalania bidwillii,0
Fitzalania heteropetala,0
Floydia praealta,0
Franklandia fucifolia,0
Franklandia triaristata,0
Galbulimima baccata,0
Ganophyllum falcatum,0
Geitonoplesium cymosum,0
Gevuina bleasdalei,0
Glischrocaryon aureum,0
Glischrocaryon behrii,0
Glischrocaryon flavescens,0
Glischrocaryon roei,0
Globba marantina,1
Gomphandra australiana,0
Goniothalamus australis,0
Gonocarpus acanthocarpus,0
Gonocarpus benthamii,0
Gonocarpus chinensis,0
Gonocarpus confertifolius,0
Gonocarpus cordiger,0
Gonocarpus diffusus,0
Gonocarpus effusus,0
Gonocarpus elatus,0
Gonocarpus ephemerus,1
Gonocarpus eremophilus,0
Gonocarpus ericifolius,0
Gonocarpus hexandrus,0
Gonocarpus hispidus,0
Gonocarpus humilis,0
Gonocarpus implexus,0
Gonocarpus intricatus,0
Gonocarpus leptothecus,0
Gonocarpus longifolius,0
Gonocarpus mezianus,0
Gonocarpus micranthus,0
Gonocarpus montanus,0
Gonocarpus nodulosus,0
Gonocarpus oreophilus,0
Gonocarpus paniculatus,0
Gonocarpus pithyoides,0
Gonocarpus pusillus,0
Gonocarpus pycnostachyus,0
Gonocarpus rudis,0
Gonocarpus salsoloides,0
Gonocarpus scordioides,0
Gonocarpus serpyllifolius,0
Gonocarpus simplex,0
Gonocarpus tetragynus,0
Gonocarpus teucrioides,0
Gonocarpus trichostachyus,0
Gonocarpus urceolatus,0
Goodenia affinis,0
Goodenia albiflora,0
Goodenia amplexans,0
Goodenia anfracta,0
Goodenia angustifolia,0
Goodenia arachnoidea,0
Goodenia arenicola,1
Goodenia argillacea,0
Goodenia armitiana,0
Goodenia armstrongiana,0
Goodenia arthrotricha,0
Goodenia azurea,0
Goodenia bellidifolia,0
Goodenia benthamiana,0
Goodenia berardiana,0
Goodenia berringbinensis,0
Goodenia bicolor,0
Goodenia blackiana,1
Goodenia brachypoda,0
Goodenia brunnea,0
Goodenia byrnesii,0
Goodenia caerulea,0
Goodenia calcarata,0
Goodenia campestris,0
Goodenia centralis,0
Goodenia chambersii,0
Goodenia chthonocephalata,0
Goodenia cirrifica,0
Goodenia claytoniacea,0
Goodenia concinna,0
Goodenia convexa,0
Goodenia coronopifolia,0
Goodenia corynocarpa,0
Goodenia cusackiana,0
Goodenia cycloptera,0
Goodenia decurrens,0
Goodenia decursiva,0
Goodenia delicata,0
Goodenia dimorpha,0
Goodenia disperma,0
Goodenia drummondii,0
Goodenia durackiana,0
Goodenia dyeri,0
Goodenia eatoniana,0
Goodenia elderi,0
Goodenia elongata,0
Goodenia eremophila,0
Goodenia fascicularis,0
Goodenia fasciculata,0
Goodenia faucium,0
Goodenia filiformis,0
Goodenia fordiana,0
Goodenia forrestii,0
Goodenia geniculata,1
Goodenia gibbosa,1
Goodenia glabra,0
Goodenia glandulosa,0
Goodenia glareicola,0
Goodenia glauca,0
Goodenia gloeophylla,0
Goodenia glomerata,0
Goodenia goodeniacea,0
Goodenia gracilis,0
Goodenia grandiflora,0
Goodenia hassallii,0
Goodenia havilandii,0
Goodenia hederacea,0
Goodenia helmsii,0
Goodenia heppleana,0
Goodenia heterochila,0
Goodenia heteromera,1
Goodenia heterophylla,0
Goodenia heteroptera,0
Goodenia hirsuta,0
Goodenia hispida,0
Goodenia holtzeana,0
Goodenia humilis,0
Goodenia incana,0
Goodenia integerrima,0
Goodenia iyouta,0
Goodenia janamba,0
Goodenia kakadu,1
Goodenia kingiana,0
Goodenia krauseana,0
Goodenia laevis,0
Goodenia lamprosperma,0
Goodenia lanata,0
Goodenia larapinta,0
Goodenia leiosperma,0
Goodenia leptoclada,0
Goodenia lineata,0
Goodenia lobata,0
Goodenia lunata,0
Goodenia lyrata,0
Goodenia macbarronii,0
Goodenia macmillanii,0
Goodenia macroplectra,0
Goodenia maideniana,0
Goodenia malvina,0
Goodenia megasepala,0
Goodenia micrantha,0
Goodenia microptera,0
Goodenia mimuloides,0
Goodenia minutiflora,0
Goodenia modesta,0
Goodenia mueckeana,0
Goodenia muelleriana,0
Goodenia neglecta,0
Goodenia neogoodenia,0
Goodenia nigrescens,0
Goodenia nuda,0
Goodenia occidentalis,0
Goodenia ochracea,1
Goodenia odonnellii,0
Goodenia ovata,0
Goodenia pallida,0
Goodenia paludicola,0
Goodenia paniculata,0
Goodenia pascua,0
Goodenia peacockiana,0
Goodenia perryi,0
Goodenia phillipsiae,0
Goodenia pilosa,0
Goodenia pinifolia,0
Goodenia pinnatifida,0
Goodenia porphyrea,0
Goodenia potamica,0
Goodenia prostrata,0
Goodenia pterigosperma,0
Goodenia pulchella,0
Goodenia pumilio,1
Goodenia purpurascens,0
Goodenia purpurea,0
Goodenia pusilla,1
Goodenia pusilliflora,0
Goodenia quadrifida,0
Goodenia quadrilocularis,0
Goodenia quasilibera,0
Goodenia racemosa,0
Goodenia ramelii,0
Goodenia redacta,0
Goodenia robusta,0
Goodenia rostrivalvis,0
Goodenia rotundifolia,0
Goodenia rupestris,0
Goodenia saccata,0
Goodenia salmoniana,0
Goodenia scaevolina,0
Goodenia scapigera,0
Goodenia schwerinensis,0
Goodenia sepalosa,0
Goodenia sericostachya,0
Goodenia stellata,0
Goodenia stelligera,0
Goodenia stenophylla,0
Goodenia stephensonii,0
Goodenia stirlingii,0
Goodenia stobbsiana,0
Goodenia strangfordii,0
Goodenia subauriculata,0
Goodenia suffrutescens,0
Goodenia symonii,0
Goodenia tenuiloba,0
Goodenia trichophylla,0
Goodenia triodiophila,0
Goodenia tripartita,0
Goodenia varia,0
Goodenia vernicosa,0
Goodenia vilmorinae,0
Goodenia virgata,0
Goodenia viridula,0
Goodenia viscida,0
Goodenia viscidula,0
Goodenia watsonii,0
Goodenia willisiana,0
Goodenia wilunensis,0
Goodenia xanthosperma,0
Goodenia xanthotricha,0
Grevillea acacioides,0
Grevillea acanthifolia,0
Grevillea acerata,0
Grevillea acrobotrya,0
Grevillea acropogon,0
Grevillea acuaria,0
Grevillea adenotricha,0
Grevillea agrifolia,0
Grevillea albiflora,0
Grevillea alpina,0
Grevillea alpivaga,0
Grevillea althoferorum,0
Grevillea amplexans,0
Grevillea anethifolia,1
Grevillea aneura,0
Grevillea angulata,0
Grevillea annulifera,0
Grevillea aquifolium,0
Grevillea arenaria,0
Grevillea argyrophylla,0
Grevillea armigera,0
Grevillea asparagoides,0
Grevillea aspera,0
Grevillea aspleniifolia,0
Grevillea asteriscosa,0
Grevillea aurea,0
Grevillea australis,0
Grevillea baileyana,0
Grevillea banksii,0
Grevillea banyabba,0
Grevillea barklyana,0
Grevillea batrachioides,0
Grevillea baueri,0
Grevillea baxteri,0
Grevillea beadleana,0
Grevillea beardiana,0
Grevillea bedggoodiana,0
Grevillea benthamiana,0
Grevillea berryana,1
Grevillea biformis,0
Grevillea bipinnatifida,0
Grevillea biternata,0
Grevillea brachystachya,0
Grevillea brachystylis,0
Grevillea bracteosa,0
Grevillea brevifolia,0
Grevillea brevis,0
Grevillea bronwenae,0
Grevillea buxifolia,0
Grevillea byrnesii,0
Grevillea cagiana,0
Grevillea calcicola,0
Grevillea caleyi,0
Grevillea calliantha,0
Grevillea candelabroides,0
Grevillea candicans,0
Grevillea candolleana,0
Grevillea capitellata,0
Grevillea celata,0
Grevillea centristigma,0
Grevillea ceratocarpa,0
Grevillea cheilocarpa,0
Grevillea christinae,0
Grevillea chrysophaea,0
Grevillea cirsiifolia,0
Grevillea coccinea,0
Grevillea commutata,0
Grevillea concinna,0
Grevillea confertifolia,0
Grevillea coriacea,0
Grevillea corrugata,0
Grevillea costata,0
Grevillea crassifolia,0
Grevillea cravenii,0
Grevillea crithmifolia,0
Grevillea crowleyae,0
Grevillea cunninghamii,0
Grevillea curviloba,0
Grevillea cyranostigma,0
Grevillea decipiens,0
Grevillea decora,0
Grevillea decurrens,0
Grevillea deflexa,0
Grevillea delta,0
Grevillea depauperata,0
Grevillea didymobotrya,0
Grevillea dielsiana,0
Grevillea diffusa,0
Grevillea dimidiata,0
Grevillea diminuta,0
Grevillea dimorpha,0
Grevillea disjuncta,0
Grevillea dissecta,0
Grevillea divaricata,0
Grevillea diversifolia,0
Grevillea dolichopoda,0
Grevillea donaldiana,0
Grevillea drummondii,0
Grevillea dryandri,0
Grevillea dryandroides,1
Grevillea dryophylla,0
Grevillea dunlopii,0
Grevillea elongata,0
Grevillea endlicheriana,0
Grevillea epicroca,0
Grevillea erectiloba,0
Grevillea eremophila,0
Grevillea erinacea,0
Grevillea eriobotrya,0
Grevillea eriostachya,0
Grevillea eryngioides,0
Grevillea erythroclada,0
Grevillea evanescens,0
Grevillea evansiana,0
Grevillea excelsior,0
Grevillea exposita,0
Grevillea extorris,0
Grevillea fasciculata,0
Grevillea fastigiata,0
Grevillea fililoba,0
Grevillea fistulosa,0
Grevillea flexuosa,0
Grevillea floribunda,0
Grevillea florida,0
Grevillea floripendula,0
Grevillea formosa,0
Grevillea fulgens,0
Grevillea fuscolutea,0
Grevillea gariwerdensis,0
Grevillea georgeana,0
Grevillea glabrescens,0
Grevillea glauca,0
Grevillea globosa,0
Grevillea glossadenia,0
Grevillea goodii,1
Grevillea gordoniana,0
Grevillea granulifera,0
Grevillea granulosa,0
Grevillea guthrieana,0
Grevillea hakeoides,0
Grevillea halmaturina,0
Grevillea haplantha,0
Grevillea heliosperma,0
Grevillea helmsiae,0
Grevillea hilliana,0
Grevillea hirtella,0
Grevillea hockingsii,0
Grevillea hodgei,0
Grevillea hookeriana,0
Grevillea huegelii,0
Grevillea humifusa,0
Grevillea humilis,0
Grevillea iaspicula,0
Grevillea ilicifolia,0
Grevillea imberbis,0
Grevillea inconspicua,0
Grevillea incrassata,0
Grevillea incurva,0
Grevillea infecunda,1
Grevillea infundibularis,0
Grevillea insignis,0
Grevillea integrifolia,0
Grevillea intricata,0
Grevillea involucrata,0
Grevillea irrasa,0
Grevillea jephcottii,0
Grevillea johnsonii,0
Grevillea juncifolia,0
Grevillea juniperina,0
Grevillea kedumbensis,0
Grevillea kenneallyi,0
Grevillea kennedyana,0
Grevillea lanigera,0
Grevillea latifolia,0
Grevillea laurifolia,1
Grevillea lavandulacea,0
Grevillea leiophylla,0
Grevillea leptobotrys,0
Grevillea leptopoda,0
Grevillea leucoclada,0
Grevillea leucopteris,0
Grevillea levis,0
Grevillea linearifolia,0
Grevillea linsmithii,0
Grevillea lissopleura,0
Grevillea longicuspis,0
Grevillea longifolia,0
Grevillea longistyla,1
Grevillea lullfitzii,0
Grevillea macleayana,0
Grevillea maherae,0
Grevillea makinsonii,0
Grevillea manglesii,0
Grevillea manglesioides,0
Grevillea marriottii,0
Grevillea masonii,0
Grevillea maxwellii,0
Grevillea mccutcheonii,0
Grevillea metamorpha,0
Grevillea micrantha,0
Grevillea microstegia,0
Grevillea microstyla,0
Grevillea mimosoides,0
Grevillea miniata,0
Grevillea minutiflora,0
Grevillea miqueliana,0
Grevillea mollis,0
Grevillea molyneuxii,0
Grevillea monslacana,0
Grevillea montana,0
Grevillea monticola,0
Grevillea montis-cole,0
Grevillea mucronulata,0
Grevillea muelleri,0
Grevillea murex,0
Grevillea muricata,0
Grevillea myosodes,0
Grevillea nana,0
Grevillea nematophylla,0
Grevillea neurophylla,0
Grevillea newbeyi,1
Grevillea nudiflora,0
Grevillea obliquistigma,0
Grevillea obtecta,0
Grevillea obtusiflora,0
Grevillea obtusifolia,0
Grevillea occidentalis,0
Grevillea oldei,0
Grevillea oleoides,0
Grevillea oligantha,0
Grevillea oligomera,0
Grevillea olivacea,0
Grevillea oncogyne,1
Grevillea oxyantha,0
Grevillea pachylostyla,0
Grevillea paniculata,0
Grevillea papillosa,0
Grevillea paradoxa,0
Grevillea parallela,0
Grevillea parallelinervis,0
Grevillea parviflora,0
Grevillea parvula,0
Grevillea patentiloba,0
Grevillea patulifolia,0
Grevillea pauciflora,0
Grevillea pectinata,0
Grevillea petrophiloides,0
Grevillea phanerophlebia,0
Grevillea phillipsiana,0
Grevillea phylicoides,0
Grevillea pilosa,0
Grevillea pilulifera,0
Grevillea pimeleoides,0
Grevillea pinaster,0
Grevillea pinifolia,0
Grevillea pityophylla,0
Grevillea pluricaulis,1
Grevillea plurijuga,0
Grevillea polyacida,0
Grevillea polybotrya,0
Grevillea polybractea,0
Grevillea prasina,0
Grevillea preissii,0
Grevillea prominens,0
Grevillea prostrata,1
Grevillea psilantha,0
Grevillea pteridifolia,0
Grevillea pterosperma,0
Grevillea pulchella,0
Grevillea punctata,0
Grevillea pungens,0
Grevillea pyramidalis,0
Grevillea pythara,1
Grevillea quadricauda,0
Grevillea quercifolia,0
Grevillea quinquenervis,0
Grevillea ramosissima,1
Grevillea rara,0
Grevillea raybrownii,0
Grevillea refracta,0
Grevillea renwickiana,1
Grevillea repens,1
Grevillea reptans,0
Grevillea rhizomatosa,0
Grevillea rhyolitica,0
Grevillea rigida,0
Grevillea ripicola,0
Grevillea rivularis,0
Grevillea robusta,0
Grevillea rogersoniana,1
Grevillea rosieri,0
Grevillea rosmarinifolia,0
Grevillea roycei,0
Grevillea rubicunda,0
Grevillea rudis,0
Grevillea saccata,0
Grevillea sarissa,0
Grevillea scabra,0
Grevillea scabrida,0
Grevillea scapigera,0
Grevillea scortechinii,0
Grevillea secunda,0
Grevillea sericea,0
Grevillea sessilis,0
Grevillea shiressii,0
Grevillea shuttleworthiana,0
Grevillea singuliflora,0
Grevillea sparsiflora,0
Grevillea speciosa,0
Grevillea sphacelata,0
Grevillea spinosa,0
Grevillea spinosissima,0
Grevillea steiglitziana,0
Grevillea stenobotrya,0
Grevillea stenogyne,0
Grevillea stenomera,1
Grevillea stenostachya,0
Grevillea striata,0
Grevillea subterlineata,0
Grevillea subtiliflora,0
Grevillea sulcata,0
Grevillea synapheae,0
Grevillea tenuiflora,0
Grevillea tenuiloba,0
Grevillea teretifolia,0
Grevillea tetragonoloba,0
Grevillea tetrapleura,0
Grevillea thelemanniana,0
Grevillea thyrsoides,0
Grevillea trachytheca,0
Grevillea treueriana,0
Grevillea trifida,0
Grevillea triloba,0
Grevillea tripartita,0
Grevillea triternata,0
Grevillea umbellulata,0
Grevillea uncinulata,0
Grevillea uniformis,0
Grevillea variifolia,0
Grevillea velutinella,0
Grevillea venusta,0
Grevillea versicolor,0
Grevillea vestita,1
Grevillea victoriae,0
Grevillea virgata,0
Grevillea viridiflava,1
Grevillea whiteana,0
Grevillea wickhamii,0
Grevillea wilkinsonii,0
Grevillea williamsonii,0
Grevillea willisii,0
Grevillea wilsonii,0
Grevillea wiradjuri,0
Grevillea wittweri,0
Grevillea xiphoidea,0
Grevillea yorkrakinensis,0
Grevillea zygoloba,0
Guioa acutifolia,0
Guioa crenifoliola,0
Guioa lasioneura,0
Guioa montana,0
Guioa semiglauca,0
Gunnera cordifolia,1
Gymnostoma australianum,0
Gyrocarpus americanus,0
Haemodorum austroqueenslandicum,0
Haemodorum brevicaule,0
Haemodorum brevisepalum,0
Haemodorum coccineum,0
Haemodorum corymbosum,0
Haemodorum discolor,0
Haemodorum distichophyllum,0
Haemodorum ensifolium,0
Haemodorum gracile,0
Haemodorum laxum,0
Haemodorum loratum,0
Haemodorum paniculatum,0
Haemodorum parviflorum,0
Haemodorum planifolium,0
Haemodorum simplex,0
Haemodorum simulans,0
Haemodorum sparsiflorum,0
Haemodorum spicatum,0
Haemodorum tenuifolium,0
Haemodorum venosum,0
Hakea actites,1
Hakea aculeata,1
Hakea acuminata,0
Hakea adnata,0
Hakea aenigma,1
Hakea ambigua,0
Hakea amplexicaulis,1
Hakea anadenia,1
Hakea arborescens,0
Hakea archaeoides,1
Hakea auriculata,1
Hakea bakeriana,1
Hakea baxteri,0
Hakea bicornata,1
Hakea brachyptera,0
Hakea brownii,1
Hakea bucculenta,0
Hakea candolleana,1
Hakea carinata,0
Hakea ceratophylla,1
Hakea chordophylla,1
Hakea cinerea,1
Hakea circumalata,0
Hakea clavata,1
Hakea collina,0
Hakea commutata,1
Hakea conchifolia,1
Hakea constablei,0
Hakea corymbosa,0
Hakea costata,0
Hakea cristata,1
Hakea cucullata,0
Hakea cyclocarpa,1
Hakea cycloptera,0
Hakea cygna,0
Hakea dactyloides,0
Hakea decurrens,1
Hakea denticulata,0
Hakea divaricata,0
Hakea dohertyi,0
Hakea drupacea,0
Hakea ednieana,1
Hakea elliptica,0
Hakea eneabba,1
Hakea epiglottis,0
Hakea erecta,0
Hakea eriantha,1
Hakea erinacea,0
Hakea eyreana,0
Hakea falcata,0
Hakea ferruginea,0
Hakea flabellifolia,1
Hakea florida,0
Hakea florulenta,1
Hakea francisiana,0
Hakea fraseri,1
Hakea gibbosa,0
Hakea gilbertii,0
Hakea grammatophylla,0
Hakea hastata,0
Hakea hookeriana,0
Hakea horrida,0
Hakea ilicifolia,0
Hakea incrassata,1
Hakea invaginata,0
Hakea ivoryi,1
Hakea kippistiana,1
Hakea laevipes,1
Hakea lasiantha,0
Hakea lasianthoides,0
Hakea lasiocarpha,0
Hakea laurina,0
Hakea lehmanniana,0
Hakea leucoptera,0
Hakea linearis,0
Hakea lissocarpha,0
Hakea lissosperma,0
Hakea longiflora,1
Hakea loranthifolia,0
Hakea lorea,1
Hakea maconochieana,0
Hakea macraeana,0
Hakea macrocarpa,0
Hakea macrorrhyncha,0
Hakea marginata,0
Hakea megadenia,0
Hakea megalosperma,1
Hakea meisneriana,0
Hakea microcarpa,0
Hakea minyma,0
Hakea mitchellii,0
Hakea multilineata,0
Hakea myrtoides,1
Hakea neurophylla,0
Hakea newbeyana,0
Hakea nitida,0
Hakea nodosa,0
Hakea obliqua,0
Hakea obtusa,0
Hakea ochroptera,0
Hakea oldfieldii,0
Hakea oleifolia,0
Hakea orthorrhyncha,1
Hakea pachyphylla,0
Hakea pandanicarpa,0
Hakea pedunculata,0
Hakea pendens,0
Hakea persiehana,0
Hakea petiolaris,0
Hakea platysperma,0
Hakea plurinervia,0
Hakea polyanthema,0
Hakea preissii,0
Hakea pritzelii,0
Hakea propinqua,0
Hakea prostrata,1
Hakea psilorrhyncha,0
Hakea pulvinifera,1
Hakea purpurea,0
Hakea pycnoneura,0
Hakea recurva,0
Hakea repullulans,1
Hakea rhombales,1
Hakea rigida,0
Hakea rostrata,1
Hakea rugosa,0
Hakea ruscifolia,1
Hakea salicifolia,0
Hakea scoparia,0
Hakea sericea,0
Hakea smilacifolia,0
Hakea spathulata,1
Hakea standleyensis,0
Hakea stenocarpa,0
Hakea stenophylla,0
Hakea strumosa,0
Hakea subsulcata,0
Hakea sulcata,0
Hakea tephrosperma,0
Hakea teretifolia,0
Hakea trifurcata,0
Hakea trineura,0
Hakea tuberculata,0
Hakea ulicina,0
Hakea undulata,0
Hakea varia,1
Hakea verrucosa,0
Hakea victoria,0
Hakea vittata,1
Haloragis aculeolata,0
Haloragis acutangula,0
Haloragis aspera,1
Haloragis brownii,1
Haloragis digyna,0
Haloragis dura,1
Haloragis eichleri,1
Haloragis exalata,0
Haloragis eyreana,1
Haloragis foliosa,0
Haloragis glauca,1
Haloragis gossei,0
Haloragis hamata,0
Haloragis heterophylla,1
Haloragis myriocarpa,0
Haloragis odontocarpa,0
Haloragis platycarpa,0
Haloragis scoparia,0
Haloragis serra,1
Haloragis stricta,0
Haloragis tenuifolia,1
Haloragis trigonocarpa,0
Haloragis uncatipila,0
Haloragodendron baeuerlenii,0
Haloragodendron glandulosum,0
Haloragodendron lucasii,0
Haloragodendron monospermum,0
Haloragodendron racemosum,0
Hanguana malayana,0
Haplostichanthus fruticosus,0
Haplostichanthus johnsonii,0
Haplostichanthus ramiflorus,0
Haplostichanthus rufescens,0
Haplostichanthus submontanus,0
Harpullia alata,0
Harpullia arborea,0
Harpullia frutescens,0
Harpullia hillii,0
Harpullia leichhardtii,0
Harpullia pendula,0
Harpullia ramiflora,0
Harpullia rhyticarpa,0
Harrisonia brownii,0
Hedraianthera porphyropetala,0
Hedycarya angustifolia,0
Hedycarya loxocarya,0
Helicia australasica,0
Helicia blakei,0
Helicia ferruginea,0
Helicia glabriflora,0
Helicia grayi,0
Helicia lamingtoniana,0
Helicia lewisensis,0
Helicia nortoniana,0
Helicia recurva,0
Helmholtzia acorifolia,0
Helmholtzia glaberrima,0
Hemmantia webbii,0
Hensmania chapmanii,1
Hensmania stoniella,0
Hensmania turbinata,1
Hernandia albiflora,0
Hernandia bivalvis,0
Hernandia nymphaeifolia,0
Herpolirion novae-zelandiae,1
Heterodendrum diversifolium,0
Heterodendrum oleifolium,0
Heterodendrum pubescens,0
Heterodendrum tropicum,0
Hexaspora pubescens,0
Hicksbeachia pilosa,0
Hicksbeachia pinnatifolia,0
Hippocratea barbata,0
Hodgsoniola junciformis,1
Hollandaea riparia,0
Hollandaea sayeriana,0
Hornstedtia scottiana,0
Horsfieldia australiana,0
Hydatella australis,1
Hydatella dioica,1
Hydatella filamentosa,1
Hydatella leptogyne,1
Hypoxis arillacea,0
Hypoxis exilis,1
Hypoxis gardneri,1
Hypoxis glabella,1
Hypoxis hygrometrica,1
Hypoxis marginata,1
Hypoxis nervosa,1
Hypoxis occidentalis,1
Hypoxis pratensis,1
Hypoxis vaginata,1
Hypserpa decumbens,0
Hypserpa laurina,0
Hypserpa smilacifolia,0
Hypsophila dielsiana,0
Hypsophila halleyana,0
Idiospermum australiense,0
Ilex arnhemensis,0
Intsia bijuga,0
Iphigenia indica,0
Irvingbaileya australis,0
Isophysis tasmanica,0
Isopogon adenanthoides,0
Isopogon alcicornis,1
Isopogon anemonifolius,0
Isopogon anethifolius,0
Isopogon asper,0
Isopogon attenuatus,1
Isopogon axillaris,0
Isopogon baxteri,0
Isopogon buxifolius,0
Isopogon ceratophyllus,0
Isopogon crithmifolius,0
Isopogon cuneatus,0
Isopogon dawsonii,0
Isopogon divergens,0
Isopogon dubius,0
Isopogon fletcheri,0
Isopogon formosus,0
Isopogon gardneri,0
Isopogon heterophyllus,0
Isopogon inconspicuus,0
Isopogon latifolius,0
Isopogon linearis,0
Isopogon longifolius,0
Isopogon mnoraifolius,0
Isopogon petiolaris,0
Isopogon polycephalus,0
Isopogon prostratus,0
Isopogon scabriusculus,0
Isopogon sphaerocephalus,0
Isopogon teretifolius,0
Isopogon tridens,0
Isopogon trilobus,0
Isopogon uncinatus,1
Isopogon villosus,1
Jagera discolor,0
Jagera javanica,0
Jagera pseudorhus,0
Jedda multicaulis,0
Johnsonia acaulis,0
Johnsonia inconspicua,0
Johnsonia lupulina,0
Johnsonia pubescens,0
Johnsonia teretifolia,0
Kelleria dieffenbachii,1
Kelleria laxa,0
Kingia australis,1
Korthalsella breviarticulata,0
Korthalsella grayi,0
Korthalsella leucothrix,0
Korthalsella papuana,0
Korthalsella rubra,0
Kuntheria pedunculata,1
Labichea brassii,0
Labichea buettneriana,0
Labichea cassioides,0
Labichea deserticola,0
Labichea digitata,0
Labichea eremaea,0
Labichea lanceolata,0
Labichea nitida,0
Labichea obtrullata,0
Labichea punctata,0
Labichea rupestris,0
Labichea saxicola,0
Labichea stellata,0
Labichea teretifolia,0
Lagarostrobos franklinii,0
Lagerstroemia archeriana,0
Lambertia echinata,0
Lambertia ericifolia,0
Lambertia fairallii,0
Lambertia formosa,1
Lambertia ilicifolia,0
Lambertia inermis,0
Lambertia multiflora,1
Lambertia orbifolia,0
Lambertia rariflora,0
Lambertia uniflora,0
Laportea interrupta,0
Laxmannia arida,0
Laxmannia brachyphylla,1
Laxmannia compacta,0
Laxmannia gracilis,0
Laxmannia grandiflora,1
Laxmannia jamesii,1
Laxmannia minor,1
Laxmannia omnifertilis,1
Laxmannia orientalis,1
Laxmannia paleacea,1
Laxmannia ramosa,0
Laxmannia sessiliflora,0
Laxmannia squarrosa,1
Lechenaultia acutiloba,1
Lechenaultia aphylla,0
Lechenaultia biloba,1
Lechenaultia brevifolia,1
Lechenaultia chlorantha,1
Lechenaultia divaricata,0
Lechenaultia expansa,0
Lechenaultia filiformis,0
Lechenaultia floribunda,0
Lechenaultia formosa,1
Lechenaultia heteromera,0
Lechenaultia hirsuta,0
Lechenaultia juncea,0
Lechenaultia laricina,1
Lechenaultia linarioides,1
Lechenaultia longiloba,1
Lechenaultia lutescens,0
Lechenaultia macrantha,0
Lechenaultia ovata,0
Lechenaultia papillata,0
Lechenaultia pulvinaris,0
Lechenaultia stenosepala,1
Lechenaultia striata,0
Lechenaultia subcymosa,0
Lechenaultia superba,0
Lechenaultia tubiflora,1
Legnephora moorei,0
Lepiderema hirsuta,0
Lepiderema ixiocarpa,0
Lepiderema largiflorens,0
Lepiderema pulchella,0
Lepiderema punctulata,0
Lepiderema sericolignis,0
Lepidopetalum subdichotomum,0
Lepidozamia hopei,0
Lepidozamia peroffskyana,0
Lepisanthes rubiginosa,0
Leptomeria acida,0
Leptomeria aphylla,0
Leptomeria axillaris,0
Leptomeria cunninghamii,0
Leptomeria dielsiana,0
Leptomeria drupacea,0
Leptomeria empetriformis,0
Leptomeria ericoides,0
Leptomeria glomerata,0
Leptomeria obovata,0
Leptomeria pachyclada,0
Leptomeria pauciflora,0
Leptomeria penduliflora,0
Leptomeria preissiana,0
Leptomeria scrobiculata,0
Leptomeria spinosa,0
Leptomeria squarrulosa,0
Lethedon setosa,0
Levieria acuminata,0
Libertia paniculata,1
Libertia pulchella,1
Lindera queenslandica,0
Litsea australis,0
Litsea bennettii,0
Litsea bindoniana,0
Litsea breviumbellata,0
Litsea connorsii,0
Litsea fawcettiana,0
Litsea glutinosa,0
Litsea granitica,0
Litsea leefeana,0
Litsea macrophylla,0
Litsea reticulata,0
Lomandra banksii,0
Lomandra bracteata,0
Lomandra brevis,0
Lomandra brittanii,0
Lomandra caespitosa,0
Lomandra collina,1
Lomandra confertifolia,0
Lomandra cylindrica,1
Lomandra densiflora,1
Lomandra drummondii,1
Lomandra effusa,1
Lomandra elongata,1
Lomandra fibrata,1
Lomandra filiformis,1
Lomandra fluviatilis,1
Lomandra glauca,1
Lomandra gracilis,0
Lomandra hastilis,0
Lomandra hermaphrodita,0
Lomandra hystrix,1
Lomandra integra,0
Lomandra juncea,1
Lomandra laxa,0
Lomandra leucocephala,1
Lomandra longifolia,1
Lomandra maritima,1
Lomandra micrantha,1
Lomandra montana,1
Lomandra mucronata,1
Lomandra multiflora,0
Lomandra nana,0
Lomandra nigricans,0
Lomandra nutans,0
Lomandra obliqua,0
Lomandra odora,0
Lomandra ordii,0
Lomandra patens,0
Lomandra pauciflora,0
Lomandra preissii,0
Lomandra purpurea,1
Lomandra rigida,1
Lomandra rupestris,0
Lomandra sericea,0
Lomandra sonderi,0
Lomandra sororia,0
Lomandra spartea,0
Lomandra spicata,1
Lomandra suaveolens,0
Lomandra teres,0
Lomandra tropica,0
Lomatia arborescens,0
Lomatia fraseri,0
Lomatia fraxinifolia,0
Lomatia ilicifolia,1
Lomatia myricoides,0
Lomatia polymorpha,0
Lomatia silaifolia,1
Lomatia tasmanica,0
Lomatia tinctoria,1
Lophopetalum arnhemicum,0
Ludwigia adscendens,1
Ludwigia hyssopifolia,0
Ludwigia octovalvis,0
Ludwigia perennis,0
Lumnitzera littorea,0
Lumnitzera racemosa,0
Lysiana casuarinae,0
Lysiana exocarpi,0
Lysiana filifolia,0
Lysiana linearifolia,0
Lysiana maritima,0
Lysiana murrayi,0
Lysiana spathulata,0
Lysiana subfalcata,0
Lythrum hyssopifolia,0
Lythrum junceum,1
Lythrum paradoxum,0
Lythrum salicaria,0
Lythrum wilsonii,0
Macadamia claudiensis,0
Macadamia grandis,0
Macadamia integrifolia,0
Macadamia jansenii,0
Macadamia ternifolia,0
Macadamia tetraphylla,0
Macadamia whelanii,0
Macgregoria racemigera,0
Maclura cochinchinensis,0
Macropidia fuliginosa,0
Macropteranthes fitzalanii,0
Macropteranthes kekwickii,0
Macropteranthes leichhardtii,0
Macropteranthes montana,0
Macrozamia cardiacensis,0
Macrozamia communis,0
Macrozamia concinna,0
Macrozamia conferta,0
Macrozamia cranei,0
Macrozamia crassifolia,0
Macrozamia diplomera,0
Macrozamia douglasii,0
Macrozamia dyeri,0
Macrozamia elegans,0
Macrozamia fawcettii,0
Macrozamia fearnsidei,0
Macrozamia flexuosa,0
Macrozamia fraseri,0
Macrozamia glaucophylla,0
Macrozamia heteromera,0
Macrozamia humilis,0
Macrozamia johnsonii,0
Macrozamia lomandroides,0
Macrozamia longispina,0
Macrozamia lucida,0
Macrozamia macdonnellii,0
Macrozamia miquelii,0
Macrozamia montana,0
Macrozamia moorei,0
Macrozamia mountperriensis,0
Macrozamia occidua,0
Macrozamia parcifolia,0
Macrozamia pauli-guilielmi,0
Macrozamia platyrhachis,0
Macrozamia plurinervia,0
Macrozamia polymorpha,0
Macrozamia reducta,0
Macrozamia riedlei,0
Macrozamia secunda,0
Macrozamia spiralis,0
Macrozamia stenomera,0
Macrozamia viridis,0
Maniltoa lenticellata,0
Maytenus bilocularis,0
Maytenus cunninghamii,0
Maytenus disperma,0
Maytenus emarginata,0
Maytenus fasciculiflora,0
Maytenus ferdinandi,0
Maytenus silvestris,0
Medinilla balls-headleyi,0
Megahertzia amplexicaulis,0
Meiogyne cylindrocarpa,0
Meiogyne hirsuta,0
Meiogyne stenopetala,0
Meiogyne verrucosa,0
Melastoma affine,0
Melodorum crassipetalum,0
Melodorum leichhardtii,0
Melodorum rupestre,0
Melodorum scabridulum,0
Melodorum topazensis,0
Melodorum uhrii,0
Melodorum unguiculatum,0
Memecylon arnhemensis,0
Memecylon hylandii,0
Meziella trifida,0
Microcachrys tetragona,0
Microstrobos fitzgeraldii,0
Microstrobos niphophilus,0
Miliusa brahei,0
Miliusa horsfieldii,0
Miliusa traceyi,0
Milligania densiflora,0
Milligania johnstonii,1
Milligania lindoniana,0
Milligania longifolia,0
Milligania stylosa,0
Mischocarpus albescens,0
Mischocarpus anodontus,0
Mischocarpus australis,0
Mischocarpus exangulatus,0
Mischocarpus grandissimus,0
Mischocarpus lachnocarpus,0
Mischocarpus macrocarpus,0
Mischocarpus pyriformis,0
Mischocarpus stipitatus,0
Mitrella tiwiensis,0
Mitrephora diversifolia,0
Molineria capitulata,0
Monochoria australasica,0
Monochoria cyanea,0
Monochoria hastata,0
Monochoria vaginalis,0
Muellerina bidwillii,0
Muellerina celastroides,0
Muellerina eucalyptoides,0
Muellerina myrtifolia,0
Murchisonia fragrans,1
Murchisonia volubilis,1
Musa banksii,1
Musa fitzalanii,0
Musa jackeyi,0
Musgravea heterophylla,0
Musgravea stenostachya,0
Myosurus australis,0
Myriophyllum alpinum,0
Myriophyllum amphibium,1
Myriophyllum austropygmaeum,1
Myriophyllum balladoniense,0
Myriophyllum callitrichoides,0
Myriophyllum caput-medusae,0
Myriophyllum coronatum,1
Myriophyllum costatum,0
Myriophyllum crispatum,0
Myriophyllum decussatum,1
Myriophyllum dicoccum,0
Myriophyllum drummondii,0
Myriophyllum echinatum,0
Myriophyllum filiforme,1
Myriophyllum glomeratum,0
Myriophyllum gracile,0
Myriophyllum implicatum,1
Myriophyllum integrifolium,0
Myriophyllum latifolium,0
Myriophyllum limnophilum,0
Myriophyllum lophatum,1
Myriophyllum muelleri,0
Myriophyllum muricatum,0
Myriophyllum papillosum,0
Myriophyllum pedunculatum,1
Myriophyllum petraeum,0
Myriophyllum porcatum,0
Myriophyllum salsugineum,0
Myriophyllum simulans,0
Myriophyllum striatum,1
Myriophyllum tillaeoides,0
Myriophyllum trachycarpum,0
Myriophyllum triphyllum,0
Myriophyllum variifolium,0
Myriophyllum verrucosum,0
Myristica insipida,0
Nelumbo nucifera,0
Neoastelia spectabilis,0
Neolitsea australiensis,0
Neolitsea brassii,0
Neolitsea dealbata,0
Neorites kevediana,0
Neostrearia fleckeri,0
Neptunia amplexicaulis,0
Neptunia dimorphantha,0
Neptunia gracilis,0
Neptunia major,0
Neptunia monosperma,0
Nesaea arnhemica,0
Nesaea crinipes,1
Nesaea muelleri,0
Nesaea repens,1
Nesaea striatiflora,0
Noahdendron nicholasii,0
Nothocnide repanda,0
Nothofagus cunninghamii,0
Nothofagus gunnii,0
Nothofagus moorei,0
Notothixos cornifolius,0
Notothixos incanus,0
Notothixos leiophyllus,0
Notothixos subaureus,0
Nuytsia floribunda,0
Nymphaea alexii,1
Nymphaea atrans,1
Nymphaea carpentariae,1
Nymphaea elleniae,1
Nymphaea georginae,1
Nymphaea gigantea,1
Nymphaea hastifolia,1
Nymphaea immutabilis,1
Nymphaea macrosperma,1
Nymphaea nouchali,1
Nymphaea pubescens,1
Nymphaea violacea,1
Olax angulata,0
Olax aphylla,0
Olax aurantia,0
Olax benthamiana,0
Olax obcordata,0
Olax pendula,0
Olax phyllanthi,0
Olax retusa,0
Olax scalariformis,0
Olax spartea,0
Olax stricta,0
Omphacomeria acerba,1
Ondinea purpurea,1
Opilia amentacea,0
Opisthiolepis heterophylla,0
Oreodendron biflorum,0
Orites acicularis,1
Orites diversifolia,0
Orites excelsa,0
Orites lancifolia,1
Orites megacarpa,0
Orites milliganii,0
Orites revoluta,0
Orthrosanthus laxus,0
Orthrosanthus muelleri,0
Orthrosanthus multiflorus,0
Orthrosanthus polystachyus,1
Osbeckia australiana,0
Ostrearia australiana,0
Otanthera bracteata,0
Pachygone ovata,0
Palmeria foremanii,0
Palmeria hypotephra,0
Palmeria scandens,0
Parapachygone longifolia,0
Pararistolochia australopithecurus,0
Pararistolochia deltantha,0
Pararistolochia laheyana,0
Pararistolochia linearifolia,0
Pararistolochia peninsulensis,0
Pararistolochia praevenosa,0
Pararistolochia sparusifolia,0
Paraserianthes toona,0
Parietaria cardiostegia,0
Parietaria debilis,0
Patersonia argyrea,1
Patersonia babianoides,1
Patersonia drummondii,1
Patersonia fragilis,1
Patersonia glabrata,0
Patersonia graminea,1
Patersonia inaequalis,1
Patersonia juncea,1
Patersonia lanata,1
Patersonia limbata,1
Patersonia macrantha,1
Patersonia maxwellii,1
Patersonia occidentalis,1
Patersonia pygmaea,0
Patersonia rudis,1
Patersonia sericea,1
Patersonia umbrosa,1
Peltophorum pterocarpum,0
Pemphis acidula,0
Pennantia cunninghamii,0
Pentaptilon careyi,0
Peperomia bellendenkerensis,0
Peperomia enervis,0
Peperomia hunteriana,0
Peperomia tetraphylla,0
Perrottetia arborescens,0
Persoonia acerosa,0
Persoonia acicularis,0
Persoonia acuminata,0
Persoonia adenantha,0
Persoonia amaliae,0
Persoonia angustiflora,0
Persoonia arborea,0
Persoonia asperula,0
Persoonia baeckeoides,0
Persoonia bargoensis,0
Persoonia biglandulosa,0
Persoonia bowgada,0
Persoonia brachystylis,0
Persoonia brevifolia,0
Persoonia brevirhachis,0
Persoonia chamaepeuce,0
Persoonia chamaepitys,0
Persoonia chapmaniana,0
Persoonia comata,0
Persoonia confertiflora,0
Persoonia conjuncta,0
Persoonia cordifolia,0
Persoonia coriacea,0
Persoonia cornifolia,0
Persoonia curvifolia,0
Persoonia cuspidifera,0
Persoonia cymbifolia,0
Persoonia daphnoides,0
Persoonia dillwynioides,0
Persoonia elliptica,0
Persoonia falcata,0
Persoonia fastigiata,0
Persoonia filiformis,0
Persoonia flexifolia,0
Persoonia glaucescens,0
Persoonia graminea,0
Persoonia gunnii,0
Persoonia hakeiformis,0
Persoonia helix,0
Persoonia hexagona,0
Persoonia hirsuta,0
Persoonia inconspicua,0
Persoonia iogyna,0
Persoonia isophylla,0
Persoonia juniperina,0
Persoonia kararae,0
Persoonia katerae,0
Persoonia lanceolata,0
Persoonia laurina,0
Persoonia laxa,0
Persoonia leucopogon,0
Persoonia levis,0
Persoonia linearis,0
Persoonia longifolia,0
Persoonia marginata,0
Persoonia media,0
Persoonia micranthera,0
Persoonia microphylla,0
Persoonia mollis,0
Persoonia moscalii,0
Persoonia muelleri,0
Persoonia myrtilloides,0
Persoonia nutans,0
Persoonia oblongata,0
Persoonia oleoides,0
Persoonia oxycoccoides,0
Persoonia papillosa,0
Persoonia pentasticha,0
Persoonia pertinax,0
Persoonia pinifolia,0
Persoonia procumbens,0
Persoonia prostrata,0
Persoonia pungens,0
Persoonia quinquenervis,0
Persoonia recedens,0
Persoonia rigida,0
Persoonia rudis,0
Persoonia rufa,0
Persoonia rufiflora,0
Persoonia saccata,0
Persoonia saundersiana,0
Persoonia scabra,0
Persoonia sericea,0
Persoonia silvatica,0
Persoonia spathulata,0
Persoonia stradbrokensis,0
Persoonia striata,0
Persoonia stricta,0
Persoonia subtilis,0
Persoonia subvelutina,0
Persoonia sulcata,0
Persoonia tenuifolia,0
Persoonia teretifolia,0
Persoonia terminalis,0
Persoonia trinervis,0
Persoonia tropica,0
Persoonia virgata,0
Persoonia volcanica,0
Petalostylis cassioides,0
Petalostylis labicheoides,0
Petermannia cirrosa,0
Petrophile acicularis,0
Petrophile aculeata,0
Petrophile anceps,0
Petrophile arcuata,0
Petrophile aspera,0
Petrophile biloba,0
Petrophile biternata,0
Petrophile brevifolia,0
Petrophile canescens,0
Petrophile carduacea,0
Petrophile chrysantha,0
Petrophile circinata,0
Petrophile conifera,0
Petrophile crispata,0
Petrophile cyathiforma,0
Petrophile divaricata,0
Petrophile diversifolia,0
Petrophile drummondii,0
Petrophile ericifolia,0
Petrophile fastigiata,0
Petrophile glauca,0
Petrophile helicophylla,0
Petrophile heterophylla,0
Petrophile imbricata,0
Petrophile incurvata,0
Petrophile linearis,0
Petrophile longifolia,0
Petrophile macrostachya,0
Petrophile media,0
Petrophile megalostegia,0
Petrophile merrallii,0
Petrophile misturata,0
Petrophile multisecta,0
Petrophile pauciflora,0
Petrophile pedunculata,0
Petrophile phylicoides,0
Petrophile plumosa,0
Petrophile pulchella,0
Petrophile recurva,0
Petrophile rigida,0
Petrophile scabriuscula,0
Petrophile semifurcata,0
Petrophile seminuda,0
Petrophile serruriae,0
Petrophile sessilis,0
Petrophile shirleyae,0
Petrophile shuttleworthiana,0
Petrophile squamata,0
Petrophile striata,0
Petrophile stricta,0
Petrophile teretifolia,0
Petrophile trifurcata,0
Petrophile wonganensis,0
Phaleria chermsideana,0
Phaleria clerodendron,0
Phaleria octandra,0
Philydrella drummondii,0
Philydrella pygmaea,0
Philydrum lanuginosum,0
Phlebocarya ciliata,0
Phlebocarya filifolia,0
Phlebocarya pilosissima,0
Phyllocladus aspleniifolius,0
Pilostyles collina,0
Pilostyles hamiltonii,0
Pimelea aeruginosa,0
Pimelea alpina,1
Pimelea ammocharis,0
Pimelea angustifolia,0
Pimelea aquilonia,0
Pimelea argentea,0
Pimelea avonensis,0
Pimelea axiflora,0
Pimelea biflora,1
Pimelea brachyphylla,0
Pimelea bracteata,0
Pimelea brevifolia,0
Pimelea brevistyla,0
Pimelea calcicola,0
Pimelea ciliata,0
Pimelea ciliolaris,0
Pimelea cinerea,0
Pimelea clavata,0
Pimelea cracens,0
Pimelea curviflora,0
Pimelea decora,0
Pimelea drummondii,0
Pimelea drupacea,0
Pimelea elongata,0
Pimelea erecta,0
Pimelea ferruginea,0
Pimelea filiformis,0
Pimelea flava,0
Pimelea floribunda,0
Pimelea forrestiana,0
Pimelea gilgiana,0
Pimelea glauca,0
Pimelea graniticola,0
Pimelea haematostachya,0
Pimelea halophila,0
Pimelea hewardiana,0
Pimelea hispida,0
Pimelea holroydii,0
Pimelea humilis,0
Pimelea imbricata,0
Pimelea interioris,0
Pimelea lanata,0
Pimelea latifolia,0
Pimelea lehmanniana,0
Pimelea leptospermoides,0
Pimelea leucantha,0
Pimelea ligustrina,0
Pimelea linifolia,0
Pimelea longiflora,0
Pimelea macrostegia,0
Pimelea micrantha,0
Pimelea microcephala,0
Pimelea milliganii,0
Pimelea neo-anglica,0
Pimelea nivea,0
Pimelea octophylla,0
Pimelea pagophila,0
Pimelea pauciflora,0
Pimelea pelinos,0
Pimelea pendens,0
Pimelea penicillaris,0
Pimelea petrophila,0
Pimelea phylicoides,0
Pimelea physodes,0
Pimelea preissii,0
Pimelea pygmaea,0
Pimelea rara,0
Pimelea rosea,0
Pimelea sericea,0
Pimelea sericostachya,0
Pimelea serpyllifolia,0
Pimelea sessilis,0
Pimelea simplex,0
Pimelea spectabilis,0
Pimelea spicata,0
Pimelea spiculigera,0
Pimelea spinescens,0
Pimelea stricta,0
Pimelea strigosa,0
Pimelea suaveolens,0
Pimelea subvillifera,0
Pimelea sulphurea,0
Pimelea sylvestris,0
Pimelea tinctoria,0
Pimelea treyvaudii,0
Pimelea trichostachya,0
Pimelea umbratica,0
Pimelea venosa,0
Pimelea villifera,0
Pimelea williamsonii,0
Piper caninum,0
Piper fungiforme,0
Piper hederaceum,0
Piper interruptum,0
Piper macropiper,0
Piper mestonii,0
Piper umbellatum,0
Pipturus argenteus,0
Placospermum coriaceum,0
Platycapnos spicata,0
Pleiogynium timorense,0
Pleogyne australis,0
Pleomele angustifolia,0
Pleurostylia opposita,0
Podocarpus dispermus,0
Podocarpus drouynianus,0
Podocarpus elatus,0
Podocarpus grayae,0
Podocarpus lawrencei,0
Podocarpus smithii,0
Podocarpus spinulosus,0
Polyalthia australis,0
Polyalthia michaelii,0
Polyalthia nitidissima,0
Polyalthia patinata,0
Pouzolzia hirta,0
Pouzolzia zeylanica,0
Procris pedunculata,0
Proiphys alba,1
Proiphys amboinensis,1
Proiphys cunninghamii,1
Protasparagus racemosus,1
Prumnopitys ladei,0
Psammomoya choretroides,0
Psammomoya ephedroides,0
Pseuduvaria froggattii,0
Pseuduvaria hylandii,0
Pseuduvaria mulgraveana,0
Pseuduvaria villosa,0
Psychrophila introloba,1
Psychrophila phylloptera,1
Pternandra coerulescens,0
Pycnarrhena novoguineensis,0
Pycnarrhena ozantha,0
Quassia baileyana,0
Quassia bidwillii,0
Ranunculus acaulis,1
Ranunculus acrophilus,1
Ranunculus amphitrichus,1
Ranunculus amplus,1
Ranunculus anemoneus,1
Ranunculus clivicola,1
Ranunculus collicola,1
Ranunculus collinus,1
Ranunculus colonorum,1
Ranunculus decurvus,1
Ranunculus diminutus,1
Ranunculus dissectifolius,1
Ranunculus eichlerianus,1
Ranunculus glabrifolius,1
Ranunculus graniticola,1
Ranunculus gunnianus,0
Ranunculus hamatosetosus,0
Ranunculus inundatus,1
Ranunculus jugosus,1
Ranunculus lappaceus,1
Ranunculus meristus,1
Ranunculus millanii,1
Ranunculus muelleri,1
Ranunculus nanus,1
Ranunculus niphophilus,1
Ranunculus pachycarpus,1
Ranunculus papulentus,1
Ranunculus pascuinus,1
Ranunculus pentandrus,0
Ranunculus pimpinellifolius,1
Ranunculus plebeius,1
Ranunculus prasinus,1
Ranunculus productus,1
Ranunculus pumilio,0
Ranunculus robertsonii,1
Ranunculus scapiger,1
Ranunculus sessiliflorus,0
Ranunculus setaceus,1
Ranunculus triplodontus,1
Ranunculus undosus,1
Ranunculus victoriensis,1
Rhizophora apiculata,0
Rhizophora lamarckii,0
Rhizophora mucronata,0
Rhizophora stylosa,0
Rhodosphaera rhodanthema,0
Rhysotoechia bifoliolata,0
Rhysotoechia flavescens,0
Rhysotoechia mortoniana,0
Rhysotoechia robertsonii,0
Ripogonum album,0
Ripogonum brevifolium,0
Ripogonum discolor,0
Ripogonum elseyanum,0
Ripogonum fawcettianum,0
Romnalda grallata,0
Romnalda strobilacea,0
Rotala diandra,1
Rotala mexicana,0
Rotala occultiflora,1
Rotala rosea,0
Rotala tripartita,0
Ryticaryum longifolium,0
Salacia chinensis,0
Salacia disepala,0
Salacia erythrocarpa,0
Santalum acuminatum,1
Santalum album,0
Santalum lanceolatum,0
Santalum murrayanum,0
Santalum obtusifolium,0
Santalum spicatum,0
Sarcopetalum harveyanum,0
Sarcopteryx acuminata,0
Sarcopteryx martyana,0
Sarcopteryx montana,0
Sarcopteryx reticulata,0
Sarcopteryx stipata,0
Sarcotoechia cuneata,0
Sarcotoechia heterophylla,0
Sarcotoechia lanceolata,0
Sarcotoechia protracta,0
Sarcotoechia serrata,0
Sarcotoechia villosa,0
Scaevola acacioides,0
Scaevola aemula,0
Scaevola albida,0
Scaevola amblyanthera,0
Scaevola anchusifolia,0
Scaevola angulata,0
Scaevola angustata,0
Scaevola argentea,0
Scaevola auriculata,0
Scaevola basedowii,0
Scaevola brookeana,0
Scaevola browniana,0
Scaevola bursariifolia,0
Scaevola calendulacea,0
Scaevola calliptera,0
Scaevola canescens,0
Scaevola chrysopogon,0
Scaevola collaris,0
Scaevola collina,0
Scaevola crassifolia,0
Scaevola cuneiformis,0
Scaevola cunninghamii,0
Scaevola densifolia,0
Scaevola depauperata,0
Scaevola enantophylla,0
Scaevola eneabba,0
Scaevola glabrata,0
Scaevola glandulifera,0
Scaevola globosa,0
Scaevola globulifera,0
Scaevola glutinosa,0
Scaevola graminea,0
Scaevola hamiltonii,0
Scaevola hookeri,1
Scaevola humifusa,0
Scaevola humilis,0
Scaevola laciniata,0
Scaevola lanceolata,0
Scaevola linearis,0
Scaevola macrophylla,0
Scaevola macrostachya,0
Scaevola microphylla,0
Scaevola myrtifolia,0
Scaevola nitida,0
Scaevola obovata,0
Scaevola oldfieldii,0
Scaevola ovalifolia,0
Scaevola oxyclona,0
Scaevola paludosa,0
Scaevola parvibarbata,0
Scaevola parvifolia,0
Scaevola phlebopetala,0
Scaevola pilosa,0
Scaevola platyphylla,0
Scaevola porocarya,0
Scaevola pulchella,0
Scaevola pulvinaris,0
Scaevola ramosissima,0
Scaevola repens,0
Scaevola restiacea,0
Scaevola revoluta,0
Scaevola sericophylla,0
Scaevola spicigera,0
Scaevola spinescens,0
Scaevola striata,0
Scaevola taccada,0
Scaevola tenuifolia,0
Scaevola thesioides,0
Scaevola tomentosa,0
Scaevola tortuosa,0
Scaevola virgata,0
Schelhammera multiflora,0
Schelhammera undulata,0
Selliera radicans,1
Semecarpus australiensis,0
Senna acclinis,0
Senna aciphylla,0
Senna alicia,0
Senna artemisioides,0
Senna barclayana,0
Senna cardiosperma,0
Senna charlesiana,0
Senna chatelainiana,0
"Senna circinnata,",0
Senna cladophylla,0
Senna clavigera,0
Senna coriacea,0
Senna coronilloides,0
Senna costata,0
Senna curvistyla,0
Senna cuthbertsonii,0
Senna ferraria,0
Senna filifolia,0
Senna flexuosa,0
Senna form,0
Senna gaudichaudii,0
Senna gawlerensis,0
Senna glaucifolia,0
Senna glutinosa,0
Senna goniodes,0
Senna hamersleyensis,0
Senna helmsii,0
Senna heptanthera,0
Senna leptoclada,0
Senna luerssenii,0
Senna magnifolia,0
Senna manicula,0
Senna microphylla,0
Senna notabilis,0
Senna odorata,0
Senna oligoclada,0
Senna oligophylla,0
Senna pilocarina,0
Senna planitiicola,0
Senna pleurocarpa,0
Senna procumbens,0
Senna pruinosa,0
Senna quadrifolia,0
Senna siamea,0
Senna stowardii,0
Senna stricta,0
Senna sturtii,0
Senna surattensis,0
Senna symonii,0
Senna timorensis,0
Senna venusta,0
Senna zygophylla,0
Siphonodon australis,0
Siphonodon membranaceus,0
Siphonodon pendulus,0
Smilax aculeatissima,0
Smilax australis,0
Smilax blumei,0
Smilax calophylla,0
Smilax glyciphylla,0
Smilax kaniensis,0
Smilax leucophylla,0
Sonneratia alba,0
Sonneratia caseolaris,0
Sonneratia lanceolata,0
Sowerbaea alliacea,1
Sowerbaea juncea,0
Sowerbaea laxiflora,0
Sowerbaea multicaulis,0
Sowerbaea subtilis,0
Sparganium subglobosum,0
Sphalmium racemosum,0
Spirogardnera rubescens,0
Stackhousia annua,0
Stackhousia clementii,0
Stackhousia dielsii,0
Stackhousia intermedia,0
Stackhousia megaloptera,0
Stackhousia monogyna,0
Stackhousia muricata,0
Stackhousia nuda,0
Stackhousia pulvinaris,1
Stackhousia scoparia,0
Stackhousia spathulata,0
Stackhousia umbellata,0
Stackhousia viminea,0
Stawellia dimorphantha,0
Stawellia gymnocephala,1
Steganthera australiana,0
Steganthera cooperorum,0
Steganthera hirsuta,0
Steganthera laxiflora,0
Steganthera macooraia,0
Stemona angusta,0
Stemona australiana,0
Stemona philippinensis,0
Stemona prostrata,0
Stenocarpus acacioides,0
Stenocarpus angustifolius,0
Stenocarpus cryptocarpus,0
Stenocarpus cunninghamii,0
Stenocarpus davallioides,0
Stenocarpus reticulatus,0
Stenocarpus salignus,0
Stenocarpus sinuatus,0
Stenocarpus verticis,0
Stephania bancroftii,1
Stephania japonica,0
Stephania renifolia,0
Stephania tuberosa,1
Stirlingia abrotanoides,0
Stirlingia anethifolia,0
Stirlingia divaricatissima,0
Stirlingia latifolia,0
Stirlingia seselifolia,0
Stirlingia simplex,0
Stirlingia tenuifolia,0
Storckiella australiensis,0
Strangea cynanchicarpa,0
Strangea linearis,0
Strangea stenocarpoides,0
Streblus brunonianus,0
Stypandra glauca,0
Sundacarpus amarus,0
Symphionema montanum,0
Symphionema paludosum,0
Synaphea acutiloba,0
Synaphea aephynsa,0
Synaphea bifurcata,0
Synaphea boyaginensis,0
Synaphea canaliculata,0
Synaphea cervifolia,0
Synaphea constricta,1
Synaphea cuneata,0
Synaphea damopsis,0
Synaphea decorticans,0
Synaphea decumbens,0
Synaphea divaricata,0
Synaphea drummondii,0
Synaphea endothrix,0
Synaphea favosa,0
Synaphea flabelliformis,0
Synaphea flexuosa,0
Synaphea floribunda,0
Synaphea gracillima,0
Synaphea grandis,0
Synaphea hians,0
Synaphea incurva,0
Synaphea interioris,0
Synaphea intricata,0
Synaphea lesueurensis,0
Synaphea macrophylla,0
Synaphea media,0
Synaphea nexosa,0
Synaphea obtusata,0
Synaphea odocoileops,1
Synaphea oligantha,0
Synaphea otiostigma,0
Synaphea oulopha,0
Synaphea panhesya,0
Synaphea parviflora,0
Synaphea petiolaris,0
Synaphea pinnata,0
Synaphea platyphylla,1
Synaphea polymorpha,0
Synaphea preissii,0
Synaphea quartzitica,0
Synaphea rangiferops,0
Synaphea recurva,0
Synaphea reticulata,0
Synaphea sparsiflora,0
Synaphea spinulosa,0
Synaphea stenoloba,0
Synaphea tamminensis,0
Synaphea tripartita,0
Synaphea whicherensis,0
Synima cordieri,0
Synima macrophylla,0
Tacca leontopetaloides,0
Tacca maculata,0
Tapeinochilos ananassae,1
Tasmannia glaucifolia,1
Tasmannia insipida,0
Tasmannia lanceolata,0
Tasmannia membranea,0
Tasmannia purpurascens,0
Tasmannia stipitata,0
Tasmannia vickeriana,0
Tasmannia xerophila,1
Telopea aspera,0
Telopea mongaensis,0
Telopea oreades,0
Telopea speciosissima,0
Telopea truncata,0
Terminalia arenicola,0
Terminalia aridicola,0
Terminalia arostrata,0
Terminalia canescens,0
Terminalia catappa,0
Terminalia complanata,0
Terminalia cunninghamii,0
Terminalia erythrocarpa,0
Terminalia fitzgeraldii,0
Terminalia grandiflora,0
Terminalia hadleyana,0
Terminalia latipes,0
Terminalia melanocarpa,0
Terminalia muelleri,0
Terminalia oblongata,0
Terminalia petiolaris,0
Terminalia platyphylla,0
Terminalia platyptera,0
Terminalia porphyrocarpa,0
Terminalia prostrata,0
Terminalia pterocarya,0
Terminalia sericocarpa,0
Terminalia subacroptera,0
Terminalia supranitifolia,0
Thecanthes concreta,0
Thecanthes cornucopiae,0
Thecanthes filifolia,0
Thecanthes punicea,0
Thecanthes sanguinea,0
Thelionema caespitosum,0
Thelionema grande,0
Thelionema umbellatum,0
Thesium australe,0
Thysanotus acerosifolius,1
Thysanotus anceps,1
Thysanotus arbuscula,1
Thysanotus arenarius,1
Thysanotus asper,0
Thysanotus banksii,1
Thysanotus baueri,1
Thysanotus brachiatus,1
Thysanotus brachyantherus,1
Thysanotus brevifolius,1
Thysanotus chinensis,1
Thysanotus cymosus,1
Thysanotus dichotomus,1
Thysanotus exiliflorus,1
Thysanotus fastigiatus,1
Thysanotus formosus,0
Thysanotus fractiflexus,1
Thysanotus gageoides,1
Thysanotus glaucifolius,0
Thysanotus glaucus,0
Thysanotus gracilis,1
Thysanotus isantherus,1
Thysanotus juncifolius,1
Thysanotus lavanduliflorus,1
Thysanotus manglesianus,1
Thysanotus multiflorus,0
Thysanotus newbeyi,1
Thysanotus nudicaulis,1
Thysanotus parviflorus,0
Thysanotus patersonii,1
Thysanotus pauciflorus,0
Thysanotus pseudojunceus,1
Thysanotus pyramidalis,1
Thysanotus ramulosus,1
Thysanotus rectantherus,1
Thysanotus sabulosus,0
Thysanotus scaber,1
Thysanotus sparteus,1
Thysanotus speckii,1
Thysanotus spiniger,1
Thysanotus tenellus,1
Thysanotus tenuis,1
Thysanotus teretifolius,0
Thysanotus thyrsoideus,1
Thysanotus triandrus,0
Thysanotus tuberosus,1
Thysanotus vernalis,1
Thysanotus virgatus,1
Thysanotus wangariensis,1
Tiliacora australiana,0
Tinospora esiangkara,0
Tinospora smilacina,0
Tinospora tinosporoides,0
Toechima daemelianum,0
Toechima dasyrrhache,0
Toechima erythrocarpum,0
Toechima monticola,0
Toechima pterocarpum,0
Toechima tenax,0
Torrenticola queenslandica,0
Trema orientalis,0
Trema tomentosa,0
Tribonanthes australis,0
Tribonanthes brachypetala,0
Tribonanthes longipetala,0
Tribonanthes purpurea,0
Tribonanthes violacea,0
Tricoryne anceps,0
Tricoryne corynothecoides,0
Tricoryne elatior,0
Tricoryne humilis,0
Tricoryne muricata,0
Tricoryne simplex,0
Tricoryne tenella,0
Trimenia moorei,0
Tripladenia cunninghamii,0
Tripterococcus brunonis,0
Tristicha trifaria,0
Tristiropsis canarioides,0
Trithuria bibracteata,0
Trithuria lanterna,1
Trithuria submersa,1
Triunia erythrocarpa,0
Triunia montana,0
Triunia robusta,0
Triunia youngiana,0
Typha domingensis,0
Typha orientalis,0
Urtica incisa,0
Uvaria concava,0
Uvaria holtzei,0
Uvaria rufa,0
Velleia arguta,0
Velleia connata,0
Velleia cycnopotamica,0
Velleia daviesii,0
Velleia discophora,0
Velleia exigua,1
Velleia foliosa,0
Velleia glabrata,0
Velleia hispida,0
Velleia lyrata,0
Velleia macrocalyx,0
Velleia macrophylla,0
Velleia montana,0
Velleia panduriformis,0
Velleia paradoxa,0
Velleia parvisepta,0
Velleia perfoliata,0
Velleia pubescens,0
Velleia rosea,0
Velleia spathulata,0
Velleia trinervis,0
Verreauxia reinwardtii,0
Verreauxia verreauxii,0
Verreauxia villosa,0
Viscum articulatum,0
Viscum bancroftii,0
Viscum ovalifolium,0
Viscum whitei,0
Wikstroemia indica,0
Wilkiea angustifolia,0
Wilkiea austroqueenslandica,0
Wilkiea cordata,0
Wilkiea huegeliana,0
Wilkiea hylandii,0
Wilkiea longipes,0
Wilkiea macrophylla,0
Wilkiea pubescens,0
Wilkiea rigidifolia,0
Wilkiea smithii,0
Wollemia nobilis,0
Wurmbea biglandulosa,0
Wurmbea centralis,0
Wurmbea cernua,0
Wurmbea densiflora,0
Wurmbea deserticola,0
Wurmbea dilatata,0
Wurmbea dioica,0
Wurmbea drummondii,0
Wurmbea graniticola,0
Wurmbea inframediana,0
Wurmbea latifolia,0
Wurmbea monantha,0
Wurmbea murchisoniana,0
Wurmbea odorata,0
Wurmbea pygmaea,0
Wurmbea sinora,0
Wurmbea tenella,0
Wurmbea tubulosa,0
Wurmbea uniflora,0
Xanthorrhoea acanthostachya,0
Xanthorrhoea acaulis,1
Xanthorrhoea arborea,0
Xanthorrhoea arenaria,1
Xanthorrhoea australis,0
Xanthorrhoea bracteata,1
Xanthorrhoea brevistyla,1
Xanthorrhoea brunonis,1
Xanthorrhoea caespitosa,1
Xanthorrhoea concava,1
Xanthorrhoea drummondii,0
Xanthorrhoea fulva,1
Xanthorrhoea glauca,0
Xanthorrhoea gracilis,1
Xanthorrhoea johnsonii,0
Xanthorrhoea latifolia,0
Xanthorrhoea macronema,0
Xanthorrhoea malacophylla,0
Xanthorrhoea media,0
Xanthorrhoea minor,1
Xanthorrhoea nana,0
Xanthorrhoea platyphylla,0
Xanthorrhoea preissii,0
Xanthorrhoea pumilio,0
Xanthorrhoea quadrangulata,0
Xanthorrhoea resinosa,0
Xanthorrhoea semiplana,0
Xanthorrhoea thorntonii,0
Xerolirion divaricata,1
Ximenia americana,0
Xylomelum angustifolium,0
Xylomelum cunninghamianum,0
Xylomelum occidentale,0
Xylomelum pyriforme,0
Xylomelum salicinum,0
Xylomelum scottianum,0
Xylopia maccreae,0
Xylopia monosperma,0
